บริษัท ตัวอย่าง เพ็ท เทรด จำกัด,,รายงานรายละเอียดใบรับสินค้า ตามเอกสาร,,,,
01/08/2569,RR2608/0001,S004,Delta Litter & Hygiene,,,
8850000000134,Delta Pee Pad 50s,pack,108,0,25920.00,HQ-STORE
8850000000127,Delta Clumping Litter 10L,bag,60,2,10560.00,HQ-STORE
8850000000134,Delta Pee Pad 50s,pack,84,0,20160.00,HQ-STORE
8850000000127,Delta Clumping Litter 10L,bag,24,0,4224.00,HQ-STORE
รวม เอกสาร,RR2608/0001,,276,2,60864.00,
03/08/2569,RR2608/0002,S900,บริษัท เดโม่ เพ็ท ซัพพลาย จำกัด,,,
8850000000028,Alpha Puppy 1.5kg,bag,108,0,24381.00,HQ-STORE
8850000000035,Alpha Cat Indoor 1.2kg,bag,12,0,2998.80,HQ-STORE
8850000000103,Gamma Bowl Steel M,pcs,48,0,4132.80,HQ-STORE
8850000000028,Alpha Puppy 1.5kg,bag,36,0,8127.00,HQ-STORE
รวม เอกสาร,RR2608/0002,,204,0,39639.60,
05/08/2569,RR2608/0003,S900,บริษัท เดโม่ เพ็ท ซัพพลาย จำกัด,,,
8850000000066,Beta Flea Drops Large,box,108,0,75978.00,HQ-STORE
8850000000127,Delta Clumping Litter 10L,bag,96,0,17740.80,HQ-STORE
8850000000059,Beta Flea Drops Small,box,72,2,39312.00,HQ-STORE
8850000000042,Alpha Wet Tuna 85g,pcs,0,6,0.00,HQ-STORE
8850000000059,Beta Flea Drops Small,box,84,0,45864.00,HQ-STORE
8850000000059,Beta Flea Drops Small,box,84,0,45864.00,HQ-STORE
รวม เอกสาร,RR2608/0003,,444,8,224758.80,
07/08/2569,RR2608/0004,S004,Delta Litter & Hygiene,,,
8850000000134,Delta Pee Pad 50s,pack,12,2,2880.00,HQ-STORE
8850000000134,Delta Pee Pad 50s,pack,0,6,0.00,HQ-STORE
8850000000127,Delta Clumping Litter 10L,bag,120,0,21120.00,HQ-STORE
8850000000134,Delta Pee Pad 50s,pack,72,0,17280.00,HQ-STORE
รวม เอกสาร,RR2608/0004,,204,8,41280.00,
09/08/2569,RR2608/0005,S900,บริษัท เดโม่ เพ็ท ซัพพลาย จำกัด,,,
8850000000042,Alpha Wet Tuna 85g,pcs,24,0,441.00,HQ-STORE
8850000000097,Gamma Leash Nylon,pcs,48,0,5544.00,HQ-STORE
8850000000035,Alpha Cat Indoor 1.2kg,bag,108,0,26989.20,HQ-STORE
8850000000035,Alpha Cat Indoor 1.2kg,bag,36,2,8996.40,HQ-STORE
รวม เอกสาร,RR2608/0005,,216,2,41970.60,
11/08/2569,RR2608/0006,S004,Delta Litter & Hygiene,,,
8850000000134,Delta Pee Pad 50s,pack,120,0,28800.00,HQ-STORE
8850000000127,Delta Clumping Litter 10L,bag,72,0,12672.00,HQ-STORE
รวม เอกสาร,RR2608/0006,,192,0,41472.00,
13/08/2569,RR2608/0007,S004,Delta Litter & Hygiene,,,
8850000000134,Delta Pee Pad 50s,pack,120,0,28800.00,HQ-STORE
8850000000134,Delta Pee Pad 50s,pack,24,0,5760.00,HQ-STORE
8850000000127,Delta Clumping Litter 10L,bag,60,2,10560.00,HQ-STORE
8850000000134,Delta Pee Pad 50s,pack,24,0,5760.00,HQ-STORE
8850000000134,Delta Pee Pad 50s,pack,72,2,17280.00,HQ-STORE
รวม เอกสาร,RR2608/0007,,300,4,68160.00,
15/08/2569,RR2608/0008,S900,บริษัท เดโม่ เพ็ท ซัพพลาย จำกัด,,,
8850000000028,Alpha Puppy 1.5kg,bag,48,0,10836.00,HQ-STORE
8850000000103,Gamma Bowl Steel M,pcs,120,0,10332.00,HQ-STORE
8850000000080,Beta Joint Chew 60s,jar,84,0,79821.00,HQ-STORE
8850000000059,Beta Flea Drops Small,box,96,0,52416.00,HQ-STORE
8850000000066,Beta Flea Drops Large,box,60,0,42210.00,HQ-STORE
รวม เอกสาร,RR2608/0008,,408,0,195615.00,
17/08/2569,RR2608/0009,S900,บริษัท เดโม่ เพ็ท ซัพพลาย จำกัด,,,
8850000000134,Delta Pee Pad 50s,pack,120,0,30240.00,HQ-STORE
8850000000134,Delta Pee Pad 50s,pack,84,2,21168.00,HQ-STORE
8850000000028,Alpha Puppy 1.5kg,bag,48,2,10836.00,HQ-STORE
8850000000103,Gamma Bowl Steel M,pcs,0,6,0.00,HQ-STORE
8850000000110,Gamma Cat Toy Feather,pcs,0,6,0.00,HQ-STORE
รวม เอกสาร,RR2608/0009,,252,16,62244.00,
19/08/2569,RR2608/0010,S900,บริษัท เดโม่ เพ็ท ซัพพลาย จำกัด,,,
8850000000011,Alpha Adult Dog 3kg,bag,36,2,13041.00,HQ-STORE
8850000000103,Gamma Bowl Steel M,pcs,60,0,5166.00,HQ-STORE
8850000000097,Gamma Leash Nylon,pcs,84,0,9702.00,HQ-STORE
8850000000028,Alpha Puppy 1.5kg,bag,36,0,8127.00,HQ-STORE
8850000000035,Alpha Cat Indoor 1.2kg,bag,36,2,8996.40,HQ-STORE
รวม เอกสาร,RR2608/0010,,252,4,45032.40,
21/08/2569,RR2608/0011,S900,บริษัท เดโม่ เพ็ท ซัพพลาย จำกัด,,,
8850000000127,Delta Clumping Litter 10L,bag,36,0,6652.80,HQ-STORE
8850000000097,Gamma Leash Nylon,pcs,60,0,6930.00,HQ-STORE
8850000000110,Gamma Cat Toy Feather,pcs,60,2,1764.00,HQ-STORE
รวม เอกสาร,RR2608/0011,,156,2,15346.80,
23/08/2569,RR2608/0012,S004,Delta Litter & Hygiene,,,
8850000000134,Delta Pee Pad 50s,pack,12,0,2880.00,HQ-STORE
8850000000134,Delta Pee Pad 50s,pack,24,0,5760.00,HQ-STORE
8850000000127,Delta Clumping Litter 10L,bag,96,0,16896.00,HQ-STORE
8850000000134,Delta Pee Pad 50s,pack,120,2,28800.00,HQ-STORE
รวม เอกสาร,RR2608/0012,,252,2,54336.00,
25/08/2569,RR2608/0013,S004,Delta Litter & Hygiene,,,
8850000000134,Delta Pee Pad 50s,pack,108,0,25920.00,HQ-STORE
8850000000127,Delta Clumping Litter 10L,bag,72,0,12672.00,HQ-STORE
8850000000134,Delta Pee Pad 50s,pack,84,0,20160.00,HQ-STORE
8850000000127,Delta Clumping Litter 10L,bag,108,0,19008.00,HQ-STORE
8850000000134,Delta Pee Pad 50s,pack,36,0,8640.00,HQ-STORE
รวม เอกสาร,RR2608/0013,,408,0,86400.00,
27/08/2569,RR2608/0014,S900,บริษัท เดโม่ เพ็ท ซัพพลาย จำกัด,,,
8850000000073,Beta Dewormer Tablet,tab,72,0,4687.20,HQ-STORE
8850000000134,Delta Pee Pad 50s,pack,72,0,18144.00,HQ-STORE
8850000000080,Beta Joint Chew 60s,jar,24,0,22806.00,HQ-STORE
รวม เอกสาร,RR2608/0014,,168,0,45637.20,
29/08/2569,RR2608/0015,S004,Delta Litter & Hygiene,,,
8850000000134,Delta Pee Pad 50s,pack,60,0,14400.00,HQ-STORE
8850000000127,Delta Clumping Litter 10L,bag,0,6,0.00,HQ-STORE
รวม เอกสาร,RR2608/0015,,60,6,14400.00,
