บริษัท เดโม่ เพ็ท ซัพพลาย จำกัด,,รายงานรายละเอียดใบรับสินค้า ตามเอกสาร,,,,
01/08/2569,RR2608/0001,S004,Delta Litter & Hygiene,,,
8850000000127,Delta Clumping Litter 10L,bag,24,0,4224.00,HQ-STORE
8850000000134,Delta Pee Pad 50s,pack,36,2,8640.00,HQ-STORE
8850000000134,Delta Pee Pad 50s,pack,48,2,11520.00,HQ-STORE
รวม เอกสาร,RR2608/0001,,108,4,24384.00,
01/08/2569,RR2608/0002,H002,Beta Vet Pharma (legacy code),,,
8850000000080,Beta Joint Chew 60s,jar,24,0,21720.00,BR-A
8850000000073,Beta Dewormer Tablet,tab,72,0,4464.00,HQ-STORE
8850000000080,Beta Joint Chew 60s,jar,72,0,65160.00,HQ-STORE
รวม เอกสาร,RR2608/0002,,168,0,91344.00,
02/08/2569,RR2608/0003,H002,Beta Vet Pharma (legacy code),,,
8850000000073,Beta Dewormer Tablet,tab,108,0,6696.00,HQ-STORE
8850000000080,Beta Joint Chew 60s,jar,84,2,76020.00,HQ-STORE
8850000000080,Beta Joint Chew 60s,jar,0,6,0.00,HQ-STORE
รวม เอกสาร,RR2608/0003,,192,8,82716.00,
03/08/2569,RR2608/0004,S002,"Beta Vet Pharma Co., Ltd.",,,
8850000000059,Beta Flea Drops Small,box,84,0,43680.00,BR-A
8850000000059,Beta Flea Drops Small,box,60,0,31200.00,HQ-STORE
8850000000066,Beta Flea Drops Large,box,60,0,40200.00,HQ-STORE
รวม เอกสาร,RR2608/0004,,204,0,115080.00,
04/08/2569,RR2608/0005,S003,Gamma Pet Accessories,,,
8850000000103,Gamma Bowl Steel M,pcs,84,0,6888.00,HQ-STORE
8850000000103,Gamma Bowl Steel M,pcs,72,2,5904.00,BR-B
8850000000110,Gamma Cat Toy Feather,pcs,72,0,2016.00,BR-A
8850000000103,Gamma Bowl Steel M,pcs,48,0,3936.00,HQ-STORE
รวม เอกสาร,RR2608/0005,,276,2,18744.00,
04/08/2569,RR2608/0006,S001,"Alpha Pet Foods Co., Ltd.",,,
8850000000011,Alpha Adult Dog 3kg,bag,84,0,28980.00,HQ-STORE
8850000000011,Alpha Adult Dog 3kg,bag,72,0,24840.00,BR-B
8850000000028,Alpha Puppy 1.5kg,bag,60,0,12900.00,HQ-STORE
รวม เอกสาร,RR2608/0006,,216,0,66720.00,
05/08/2569,RR2608/0007,S003,Gamma Pet Accessories,,,
8850000000110,Gamma Cat Toy Feather,pcs,108,0,3024.00,BR-A
8850000000097,Gamma Leash Nylon,pcs,120,2,13200.00,BR-B
8850000000097,Gamma Leash Nylon,pcs,12,0,1320.00,HQ-STORE
8850000000110,Gamma Cat Toy Feather,pcs,96,0,2688.00,BR-B
รวม เอกสาร,RR2608/0007,,336,2,20232.00,
06/08/2569,RR2608/0008,S001,"Alpha Pet Foods Co., Ltd.",,,
8850000000011,Alpha Adult Dog 3kg,bag,96,2,33120.00,HQ-STORE
8850000000011,Alpha Adult Dog 3kg,bag,120,0,41400.00,BR-B
รวม เอกสาร,RR2608/0008,,216,2,74520.00,
07/08/2569,RR2608/0009,S003,Gamma Pet Accessories,,,
8850000000097,Gamma Leash Nylon,pcs,48,0,5280.00,BR-A
8850000000110,Gamma Cat Toy Feather,pcs,36,0,1008.00,BR-A
รวม เอกสาร,RR2608/0009,,84,0,6288.00,
07/08/2569,RR2608/0010,S002,"Beta Vet Pharma Co., Ltd.",,,
8850000000066,Beta Flea Drops Large,box,72,0,48240.00,BR-B
8850000000066,Beta Flea Drops Large,box,96,0,64320.00,HQ-STORE
รวม เอกสาร,RR2608/0010,,168,0,112560.00,
08/08/2569,RR2608/0011,H002,Beta Vet Pharma (legacy code),,,
8850000000080,Beta Joint Chew 60s,jar,48,0,43440.00,BR-A
8850000000080,Beta Joint Chew 60s,jar,96,0,86880.00,BR-A
รวม เอกสาร,RR2608/0011,,144,0,130320.00,
09/08/2569,RR2608/0012,S003,Gamma Pet Accessories,,,
8850000000110,Gamma Cat Toy Feather,pcs,60,0,1680.00,HQ-STORE
8850000000097,Gamma Leash Nylon,pcs,120,0,13200.00,HQ-STORE
รวม เอกสาร,RR2608/0012,,180,0,14880.00,
10/08/2569,RR2608/0013,S003,Gamma Pet Accessories,,,
8850000000110,Gamma Cat Toy Feather,pcs,108,0,3024.00,HQ-STORE
8850000000110,Gamma Cat Toy Feather,pcs,24,2,672.00,BR-B
รวม เอกสาร,RR2608/0013,,132,2,3696.00,
11/08/2569,RR2608/0014,S003,Gamma Pet Accessories,,,
8850000000110,Gamma Cat Toy Feather,pcs,72,0,2016.00,HQ-STORE
8850000000103,Gamma Bowl Steel M,pcs,60,0,4920.00,HQ-STORE
8850000000110,Gamma Cat Toy Feather,pcs,72,0,2016.00,HQ-STORE
รวม เอกสาร,RR2608/0014,,204,0,8952.00,
11/08/2569,RR2608/0015,S003,Gamma Pet Accessories,,,
8850000000097,Gamma Leash Nylon,pcs,120,0,13200.00,HQ-STORE
8850000000097,Gamma Leash Nylon,pcs,108,0,11880.00,BR-B
รวม เอกสาร,RR2608/0015,,228,0,25080.00,
12/08/2569,RR2608/0016,S004,Delta Litter & Hygiene,,,
8850000000127,Delta Clumping Litter 10L,bag,12,0,2112.00,HQ-STORE
8850000000127,Delta Clumping Litter 10L,bag,108,0,19008.00,HQ-STORE
8850000000134,Delta Pee Pad 50s,pack,48,0,11520.00,HQ-STORE
8850000000127,Delta Clumping Litter 10L,bag,108,2,19008.00,HQ-STORE
8850000000134,Delta Pee Pad 50s,pack,36,2,8640.00,HQ-STORE
รวม เอกสาร,RR2608/0016,,312,4,60288.00,
13/08/2569,RR2608/0017,S004,Delta Litter & Hygiene,,,
8850000000127,Delta Clumping Litter 10L,bag,24,0,4224.00,HQ-STORE
8850000000134,Delta Pee Pad 50s,pack,24,2,5760.00,BR-A
8850000000134,Delta Pee Pad 50s,pack,24,0,5760.00,HQ-STORE
8850000000127,Delta Clumping Litter 10L,bag,36,0,6336.00,BR-A
8850000000127,Delta Clumping Litter 10L,bag,48,0,8448.00,HQ-STORE
8850000000134,Delta Pee Pad 50s,pack,36,0,8640.00,HQ-STORE
รวม เอกสาร,RR2608/0017,,192,2,39168.00,
14/08/2569,RR2608/0018,S003,Gamma Pet Accessories,,,
8850000000103,Gamma Bowl Steel M,pcs,0,6,0.00,BR-B
8850000000097,Gamma Leash Nylon,pcs,24,0,2640.00,BR-B
8850000000097,Gamma Leash Nylon,pcs,12,0,1320.00,BR-A
8850000000110,Gamma Cat Toy Feather,pcs,84,2,2352.00,BR-A
8850000000110,Gamma Cat Toy Feather,pcs,72,0,2016.00,BR-A
รวม เอกสาร,RR2608/0018,,192,8,8328.00,
14/08/2569,RR2608/0019,S004,Delta Litter & Hygiene,,,
8850000000134,Delta Pee Pad 50s,pack,72,2,17280.00,BR-B
8850000000134,Delta Pee Pad 50s,pack,120,0,28800.00,BR-A
8850000000134,Delta Pee Pad 50s,pack,84,0,20160.00,BR-A
รวม เอกสาร,RR2608/0019,,276,2,66240.00,
15/08/2569,RR2608/0020,S003,Gamma Pet Accessories,,,
8850000000103,Gamma Bowl Steel M,pcs,96,0,7872.00,HQ-STORE
8850000000103,Gamma Bowl Steel M,pcs,108,0,8856.00,HQ-STORE
8850000000103,Gamma Bowl Steel M,pcs,36,0,2952.00,BR-A
8850000000097,Gamma Leash Nylon,pcs,72,0,7920.00,BR-B
8850000000097,Gamma Leash Nylon,pcs,0,6,0.00,BR-B
รวม เอกสาร,RR2608/0020,,312,6,27600.00,
16/08/2569,RR2608/0021,S003,Gamma Pet Accessories,,,
8850000000103,Gamma Bowl Steel M,pcs,72,0,5904.00,HQ-STORE
8850000000103,Gamma Bowl Steel M,pcs,48,0,3936.00,BR-A
รวม เอกสาร,RR2608/0021,,120,0,9840.00,
17/08/2569,RR2608/0022,S002,"Beta Vet Pharma Co., Ltd.",,,
8850000000066,Beta Flea Drops Large,box,96,0,64320.00,BR-B
8850000000059,Beta Flea Drops Small,box,60,0,31200.00,HQ-STORE
รวม เอกสาร,RR2608/0022,,156,0,95520.00,
18/08/2569,RR2608/0023,H002,Beta Vet Pharma (legacy code),,,
8850000000073,Beta Dewormer Tablet,tab,108,0,6696.00,BR-B
8850000000080,Beta Joint Chew 60s,jar,84,0,76020.00,BR-B
8850000000080,Beta Joint Chew 60s,jar,12,0,10860.00,HQ-STORE
8850000000073,Beta Dewormer Tablet,tab,84,0,5208.00,BR-A
8850000000073,Beta Dewormer Tablet,tab,72,2,4464.00,HQ-STORE
รวม เอกสาร,RR2608/0023,,360,2,103248.00,
18/08/2569,RR2608/0024,S003,Gamma Pet Accessories,,,
8850000000097,Gamma Leash Nylon,pcs,12,0,1320.00,BR-A
8850000000110,Gamma Cat Toy Feather,pcs,48,0,1344.00,HQ-STORE
8850000000110,Gamma Cat Toy Feather,pcs,72,2,2016.00,HQ-STORE
8850000000110,Gamma Cat Toy Feather,pcs,12,0,336.00,BR-B
8850000000103,Gamma Bowl Steel M,pcs,48,0,3936.00,BR-A
รวม เอกสาร,RR2608/0024,,192,2,8952.00,
19/08/2569,RR2608/0025,S001,"Alpha Pet Foods Co., Ltd.",,,
8850000000028,Alpha Puppy 1.5kg,bag,48,0,10320.00,HQ-STORE
8850000000035,Alpha Cat Indoor 1.2kg,bag,36,0,8568.00,BR-B
8850000000011,Alpha Adult Dog 3kg,bag,0,6,0.00,HQ-STORE
8850000000011,Alpha Adult Dog 3kg,bag,120,0,41400.00,HQ-STORE
8850000000042,Alpha Wet Tuna 85g,pcs,12,0,210.00,BR-B
รวม เอกสาร,RR2608/0025,,216,6,60498.00,
20/08/2569,RR2608/0026,S002,"Beta Vet Pharma Co., Ltd.",,,
8850000000059,Beta Flea Drops Small,box,60,2,31200.00,HQ-STORE
8850000000059,Beta Flea Drops Small,box,120,0,62400.00,HQ-STORE
8850000000059,Beta Flea Drops Small,box,36,2,18720.00,HQ-STORE
8850000000066,Beta Flea Drops Large,box,24,0,16080.00,HQ-STORE
8850000000059,Beta Flea Drops Small,box,96,0,49920.00,BR-B
8850000000066,Beta Flea Drops Large,box,24,0,16080.00,BR-B
รวม เอกสาร,RR2608/0026,,360,4,194400.00,
21/08/2569,RR2608/0027,S004,Delta Litter & Hygiene,,,
8850000000127,Delta Clumping Litter 10L,bag,0,6,0.00,HQ-STORE
8850000000127,Delta Clumping Litter 10L,bag,108,2,19008.00,BR-A
8850000000134,Delta Pee Pad 50s,pack,24,0,5760.00,HQ-STORE
8850000000134,Delta Pee Pad 50s,pack,108,0,25920.00,BR-A
8850000000134,Delta Pee Pad 50s,pack,48,0,11520.00,HQ-STORE
8850000000134,Delta Pee Pad 50s,pack,108,2,25920.00,HQ-STORE
รวม เอกสาร,RR2608/0027,,396,10,88128.00,
21/08/2569,RR2608/0028,S003,Gamma Pet Accessories,,,
8850000000103,Gamma Bowl Steel M,pcs,120,0,9840.00,BR-A
8850000000110,Gamma Cat Toy Feather,pcs,108,0,3024.00,HQ-STORE
รวม เอกสาร,RR2608/0028,,228,0,12864.00,
22/08/2569,RR2608/0029,H002,Beta Vet Pharma (legacy code),,,
8850000000073,Beta Dewormer Tablet,tab,36,2,2232.00,BR-B
8850000000080,Beta Joint Chew 60s,jar,84,0,76020.00,BR-B
8850000000073,Beta Dewormer Tablet,tab,108,0,6696.00,HQ-STORE
รวม เอกสาร,RR2608/0029,,228,2,84948.00,
23/08/2569,RR2608/0030,S002,"Beta Vet Pharma Co., Ltd.",,,
8850000000066,Beta Flea Drops Large,box,120,0,80400.00,HQ-STORE
8850000000066,Beta Flea Drops Large,box,108,0,72360.00,HQ-STORE
รวม เอกสาร,RR2608/0030,,228,0,152760.00,
24/08/2569,RR2608/0031,S002,"Beta Vet Pharma Co., Ltd.",,,
8850000000066,Beta Flea Drops Large,box,24,0,16080.00,HQ-STORE
8850000000059,Beta Flea Drops Small,box,120,0,62400.00,BR-B
8850000000059,Beta Flea Drops Small,box,12,2,6240.00,HQ-STORE
8850000000066,Beta Flea Drops Large,box,48,0,32160.00,BR-A
8850000000066,Beta Flea Drops Large,box,72,0,48240.00,HQ-STORE
8850000000066,Beta Flea Drops Large,box,84,0,56280.00,BR-B
รวม เอกสาร,RR2608/0031,,360,2,221400.00,
25/08/2569,RR2608/0032,S002,"Beta Vet Pharma Co., Ltd.",,,
8850000000059,Beta Flea Drops Small,box,60,2,31200.00,HQ-STORE
8850000000066,Beta Flea Drops Large,box,108,0,72360.00,HQ-STORE
8850000000059,Beta Flea Drops Small,box,12,0,6240.00,BR-A
รวม เอกสาร,RR2608/0032,,180,2,109800.00,
25/08/2569,RR2608/0033,S002,"Beta Vet Pharma Co., Ltd.",,,
8850000000059,Beta Flea Drops Small,box,24,0,12480.00,HQ-STORE
8850000000059,Beta Flea Drops Small,box,36,0,18720.00,HQ-STORE
รวม เอกสาร,RR2608/0033,,60,0,31200.00,
26/08/2569,RR2608/0034,S002,"Beta Vet Pharma Co., Ltd.",,,
8850000000066,Beta Flea Drops Large,box,24,0,16080.00,BR-A
8850000000066,Beta Flea Drops Large,box,72,0,48240.00,HQ-STORE
8850000000059,Beta Flea Drops Small,box,72,0,37440.00,BR-A
รวม เอกสาร,RR2608/0034,,168,0,101760.00,
27/08/2569,RR2608/0035,H002,Beta Vet Pharma (legacy code),,,
8850000000073,Beta Dewormer Tablet,tab,24,2,1488.00,BR-A
8850000000073,Beta Dewormer Tablet,tab,84,0,5208.00,HQ-STORE
8850000000080,Beta Joint Chew 60s,jar,120,0,108600.00,HQ-STORE
8850000000080,Beta Joint Chew 60s,jar,60,2,54300.00,HQ-STORE
8850000000073,Beta Dewormer Tablet,tab,48,0,2976.00,BR-B
รวม เอกสาร,RR2608/0035,,336,4,172572.00,
28/08/2569,RR2608/0036,S001,"Alpha Pet Foods Co., Ltd.",,,
8850000000035,Alpha Cat Indoor 1.2kg,bag,108,0,25704.00,BR-B
8850000000011,Alpha Adult Dog 3kg,bag,120,0,41400.00,BR-A
8850000000028,Alpha Puppy 1.5kg,bag,36,0,7740.00,HQ-STORE
รวม เอกสาร,RR2608/0036,,264,0,74844.00,
28/08/2569,RR2608/0037,H002,Beta Vet Pharma (legacy code),,,
8850000000073,Beta Dewormer Tablet,tab,60,0,3720.00,HQ-STORE
8850000000073,Beta Dewormer Tablet,tab,12,0,744.00,HQ-STORE
8850000000073,Beta Dewormer Tablet,tab,108,0,6696.00,BR-A
รวม เอกสาร,RR2608/0037,,180,0,11160.00,
29/08/2569,RR2608/0038,S004,Delta Litter & Hygiene,,,
8850000000134,Delta Pee Pad 50s,pack,0,6,0.00,BR-A
8850000000127,Delta Clumping Litter 10L,bag,72,0,12672.00,BR-A
รวม เอกสาร,RR2608/0038,,72,6,12672.00,
30/08/2569,RR2608/0039,S004,Delta Litter & Hygiene,,,
8850000000127,Delta Clumping Litter 10L,bag,60,0,10560.00,BR-A
8850000000127,Delta Clumping Litter 10L,bag,84,2,14784.00,BR-A
8850000000127,Delta Clumping Litter 10L,bag,84,0,14784.00,BR-B
8850000000134,Delta Pee Pad 50s,pack,120,0,28800.00,HQ-STORE
8850000000127,Delta Clumping Litter 10L,bag,72,2,12672.00,HQ-STORE
รวม เอกสาร,RR2608/0039,,420,4,81600.00,
31/08/2569,RR2608/0040,S003,Gamma Pet Accessories,,,
8850000000110,Gamma Cat Toy Feather,pcs,60,0,1680.00,BR-A
8850000000097,Gamma Leash Nylon,pcs,84,0,9240.00,HQ-STORE
8850000000110,Gamma Cat Toy Feather,pcs,36,0,1008.00,BR-A
8850000000097,Gamma Leash Nylon,pcs,72,2,7920.00,BR-B
8850000000097,Gamma Leash Nylon,pcs,96,0,10560.00,BR-A
8850000000110,Gamma Cat Toy Feather,pcs,48,0,1344.00,HQ-STORE
รวม เอกสาร,RR2608/0040,,396,2,31752.00,
