บริษัท ตัวอย่าง เพ็ท เทรด จำกัด,,รายงานรายละเอียดการขาย,,,หน้าที่ 1,
วันที่,เลขที่บิล,สมาชิก,รหัสสินค้า,ชื่อสินค้า,จำนวน,ยอดสุทธิ
46235,0003-2608-00001,R0273,8850000000028,Alpha Puppy 1.5kg,1,289.00
46235,0003-2608-00001,R0273,8850000000035,Alpha Cat Indoor 1.2kg,1,319.00
46235,0003-2608-00002,W0005,8850000000127,Delta Clumping Litter 10L,18,3880.80
46235,0003-2608-00003,R0357,8850000000042,Alpha Wet Tuna 85g,1,25.00
46235,0003-2608-00003,R0357,8850000000134,Delta Pee Pad 50s,3,987.00
46235,0003-2608-00003,R0357,8850000000073,Beta Dewormer Tablet,3,285.00
46235,0003-2608-00003,R0357,2000000000017,Grooming service,2,700.00
46235,0003-2608-00004,R0104,8850000000011,Alpha Adult Dog 3kg,1,459.00
46235,0003-2608-00004,R0104,8850000000066,Beta Flea Drops Large,3,2670.00
46235,0003-2608-00004,R0104,8850000000011,Alpha Adult Dog 3kg,2,918.00
46235,0003-2608-00004,R0104,8850000000028,Alpha Puppy 1.5kg,2,578.00
46235,0003-2608-00005,,8850000000080,Beta Joint Chew 60s,3,3750.00
46235,0003-2608-00005,,8850000000097,Gamma Leash Nylon,1,199.00
46235,0003-2608-00005,,8850000000066,Beta Flea Drops Large,2,1780.00
รวมวันที่ 01/08/2026,,,,,43,16839.80
46236,0003-2608-00006,R0222,8850000000028,Alpha Puppy 1.5kg,2,578.00
46236,0003-2608-00007,W0003,8850000000080,Beta Joint Chew 60s,18,19800.00
46236,0003-2608-00007,W0003,8850000000073,Beta Dewormer Tablet,20,1672.00
46236,0003-2608-00008,R0140,8850000000059,Beta Flea Drops Small,2,1380.00
46236,0003-2608-00008,R0140,9999999999994,Unregistered item,3,360.00
46236,0003-2608-00008,R0140,8850000000073,Beta Dewormer Tablet,2,190.00
46236,0003-2608-00009,R0186,8850000000042,Alpha Wet Tuna 85g,1,25.00
46236,0003-2608-00010,R0020,8850000000097,Gamma Leash Nylon,2,398.00
46236,0003-2608-00010,R0020,2000000000017,Grooming service,2,700.00
46236,0003-2608-00010,R0020,8850000000028,Alpha Puppy 1.5kg,1,289.00
46236,0003-2608-00011,R0355,8850000000134,Delta Pee Pad 50s,3,987.00
46236,0003-2608-00011,R0355,8850000000080,Beta Joint Chew 60s,1,1250.00
46236,0003-2608-00011,R0355,8850000000059,Beta Flea Drops Small,2,1380.00
46236,0003-2608-00011,R0355,9999999999994,Unregistered item,3,360.00
รวมวันที่ 02/08/2026,,,,,62,29369.00
46237,0003-2608-00012,W0004,8850000000042,Alpha Wet Tuna 85g,11,242.00
46237,0003-2608-00013,,8850000000080,Beta Joint Chew 60s,1,1250.00
46237,0003-2608-00013,,8850000000042,Alpha Wet Tuna 85g,1,25.00
46237,0003-2608-00013,,8850000000103,Gamma Bowl Steel M,3,447.00
46237,0003-2608-00014,,8850000000066,Beta Flea Drops Large,3,2670.00
46237,0003-2608-00015,,8850000000066,Beta Flea Drops Large,2,1780.00
46237,0003-2608-00015,,8850000000042,Alpha Wet Tuna 85g,1,25.00
46237,0003-2608-00015,,8850000000127,Delta Clumping Litter 10L,2,490.00
รวมวันที่ 03/08/2026,,,,,24,6929.00
46238,0003-2608-00016,,8850000000059,Beta Flea Drops Small,3,2070.00
46238,0003-2608-00017,R0256,8850000000080,Beta Joint Chew 60s,2,2500.00
46238,0003-2608-00017,R0256,8850000000080,Beta Joint Chew 60s,2,2500.00
46238,0003-2608-00017,R0256,9999999999994,Unregistered item,1,120.00
46238,0003-2608-00017,R0256,8850000000011,Alpha Adult Dog 3kg,3,1377.00
46238,0003-2608-00018,W0001,8850000000011,Alpha Adult Dog 3kg,29,11713.68
46238,0003-2608-00018,W0001,2000000000017,Grooming service,21,6468.00
46238,0003-2608-00018,W0001,8850000000066,Beta Flea Drops Large,12,9398.40
46238,0003-2608-00019,,8850000000134,Delta Pee Pad 50s,1,329.00

บริษัท ตัวอย่าง เพ็ท เทรด จำกัด,,รายงานรายละเอียดการขาย,,,หน้าที่ 2,
วันที่,เลขที่บิล,สมาชิก,รหัสสินค้า,ชื่อสินค้า,จำนวน,ยอดสุทธิ
46238,0003-2608-00020,,8850000000059,Beta Flea Drops Small,2,1380.00
46238,0003-2608-00020,,2000000000017,Grooming service,1,350.00
46238,0003-2608-00020,,2000000000017,Grooming service,2,700.00
46238,0003-2608-00020,,8850000000097,Gamma Leash Nylon,1,199.00
46238,0003-2608-00021,W0001,9999999999994,Unregistered item,30,3168.00
46238,0003-2608-00021,W0001,8850000000134,Delta Pee Pad 50s,18,5211.36
รวมวันที่ 04/08/2026,,,,,128,47484.44
46239,0003-2608-00022,W0004,8850000000028,Alpha Puppy 1.5kg,13,3306.16
46239,0003-2608-00022,W0004,8850000000073,Beta Dewormer Tablet,12,1003.20
46239,0003-2608-00022,W0004,8850000000035,Alpha Cat Indoor 1.2kg,9,2526.48
46239,0003-2608-00022,W0004,8850000000073,Beta Dewormer Tablet,20,1672.00
46239,0003-2608-00023,,8850000000134,Delta Pee Pad 50s,1,329.00
46239,0003-2608-00023,,2000000000017,Grooming service,1,350.00
46239,0003-2608-00024,R0183,8850000000080,Beta Joint Chew 60s,1,1250.00
46239,0003-2608-00024,R0183,8850000000134,Delta Pee Pad 50s,1,329.00
46239,0003-2608-00024,R0183,8850000000042,Alpha Wet Tuna 85g,2,50.00
46239,0003-2608-00025,W0002,2000000000017,Grooming service,19,5852.00
46239,0003-2608-00025,W0002,8850000000028,Alpha Puppy 1.5kg,19,4832.08
46239,0003-2608-00025,W0002,8850000000080,Beta Joint Chew 60s,24,26400.00
46239,0003-2608-00026,R0300,8850000000042,Alpha Wet Tuna 85g,3,75.00
46239,0003-2608-00026,R0300,8850000000110,Gamma Cat Toy Feather,3,177.00
46239,0003-2608-00026,R0300,9999999999994,Unregistered item,1,120.00
46239,0003-2608-00026,R0300,8850000000073,Beta Dewormer Tablet,1,95.00
46239,0003-2608-00027,R0014,8850000000028,Alpha Puppy 1.5kg,3,867.00
รวมวันที่ 05/08/2026,,,,,133,49233.92
46240,0003-2608-00028,R0112,8850000000066,Beta Flea Drops Large,2,1780.00
46240,0003-2608-00029,,8850000000080,Beta Joint Chew 60s,1,1250.00
46240,0003-2608-00030,,9999999999994,Unregistered item,3,360.00
46240,0003-2608-00030,,8850000000035,Alpha Cat Indoor 1.2kg,2,638.00
46240,0003-2608-00030,,8850000000103,Gamma Bowl Steel M,1,149.00
46240,0003-2608-00031,,8850000000134,Delta Pee Pad 50s,2,658.00
46240,0003-2608-00031,,8850000000042,Alpha Wet Tuna 85g,3,75.00
46240,0003-2608-00031,,8850000000059,Beta Flea Drops Small,1,690.00
46240,0003-2608-00032,R0030,9999999999994,Unregistered item,1,120.00
46240,0003-2608-00032,R0030,8850000000042,Alpha Wet Tuna 85g,2,50.00
46240,0003-2608-00033,,8850000000127,Delta Clumping Litter 10L,3,735.00
46240,0003-2608-00033,,8850000000073,Beta Dewormer Tablet,2,190.00
46240,0003-2608-00033,,8850000000042,Alpha Wet Tuna 85g,3,75.00
รวมวันที่ 06/08/2026,,,,,26,6770.00
46241,0003-2608-00034,R0227,8850000000080,Beta Joint Chew 60s,2,2500.00
46241,0003-2608-00034,R0227,8850000000059,Beta Flea Drops Small,1,690.00
46241,0003-2608-00035,W0001,9999999999994,Unregistered item,25,2640.00
46241,0003-2608-00036,,8850000000134,Delta Pee Pad 50s,2,658.00
46241,0003-2608-00036,,8850000000073,Beta Dewormer Tablet,2,190.00
46241,0003-2608-00036,,8850000000035,Alpha Cat Indoor 1.2kg,3,957.00
46241,0003-2608-00037,R0135,8850000000127,Delta Clumping Litter 10L,2,490.00
46241,0003-2608-00037,R0135,8850000000059,Beta Flea Drops Small,1,690.00
รวมวันที่ 07/08/2026,,,,,38,8815.00
46242,0003-2608-00038,R0064,8850000000127,Delta Clumping Litter 10L,3,735.00

บริษัท ตัวอย่าง เพ็ท เทรด จำกัด,,รายงานรายละเอียดการขาย,,,หน้าที่ 3,
วันที่,เลขที่บิล,สมาชิก,รหัสสินค้า,ชื่อสินค้า,จำนวน,ยอดสุทธิ
46242,0003-2608-00038,R0064,8850000000066,Beta Flea Drops Large,2,1780.00
46242,0003-2608-00038,R0064,8850000000080,Beta Joint Chew 60s,1,1250.00
46242,0003-2608-00039,,8850000000127,Delta Clumping Litter 10L,2,490.00
46242,0003-2608-00039,,8850000000066,Beta Flea Drops Large,2,1780.00
46242,0003-2608-00039,,8850000000059,Beta Flea Drops Small,1,690.00
46242,0003-2608-00040,R0060,8850000000059,Beta Flea Drops Small,3,2070.00
46242,0003-2608-00040,R0060,8850000000066,Beta Flea Drops Large,1,890.00
46242,0003-2608-00040,R0060,8850000000134,Delta Pee Pad 50s,1,329.00
46242,0003-2608-00040,R0060,8850000000066,Beta Flea Drops Large,1,890.00
รวมวันที่ 08/08/2026,,,,,17,10904.00
46243,0003-2608-00041,R0153,8850000000127,Delta Clumping Litter 10L,1,245.00
46243,0003-2608-00041,R0153,8850000000011,Alpha Adult Dog 3kg,3,1377.00
46243,0003-2608-00041,R0153,8850000000011,Alpha Adult Dog 3kg,2,918.00
46243,0003-2608-00042,R0320,8850000000134,Delta Pee Pad 50s,2,658.00
46243,0003-2608-00043,R0193,8850000000127,Delta Clumping Litter 10L,3,735.00
46243,0003-2608-00043,R0193,8850000000080,Beta Joint Chew 60s,3,3750.00
46243,0003-2608-00043,R0193,8850000000134,Delta Pee Pad 50s,1,329.00
46243,0003-2608-00044,R0260,8850000000080,Beta Joint Chew 60s,3,3750.00
รวมวันที่ 09/08/2026,,,,,18,11762.00
46244,0003-2608-00045,R0172,8850000000073,Beta Dewormer Tablet,1,95.00
46244,0003-2608-00045,R0172,8850000000127,Delta Clumping Litter 10L,2,490.00
46244,0003-2608-00045,R0172,8850000000073,Beta Dewormer Tablet,2,190.00
46244,0003-2608-00046,W0003,8850000000011,Alpha Adult Dog 3kg,15,6058.80
46244,0003-2608-00046,W0003,2000000000017,Grooming service,22,6776.00
46244,0003-2608-00046,W0003,8850000000103,Gamma Bowl Steel M,8,1048.96
46244,0003-2608-00047,W0003,8850000000127,Delta Clumping Litter 10L,17,3665.20
46244,0003-2608-00047,W0003,2000000000017,Grooming service,12,3696.00
46244,0003-2608-00047,W0003,8850000000011,Alpha Adult Dog 3kg,17,6866.64
46244,0003-2608-00047,W0003,8850000000110,Gamma Cat Toy Feather,18,934.56
46244,0003-2608-00048,R0226,8850000000066,Beta Flea Drops Large,3,2670.00
46244,0003-2608-00048,R0226,8850000000028,Alpha Puppy 1.5kg,3,867.00
46244,0003-2608-00048,R0226,8850000000127,Delta Clumping Litter 10L,1,245.00
46244,0003-2608-00049,R0172,8850000000028,Alpha Puppy 1.5kg,3,867.00
46244,0003-2608-00049,R0172,8850000000097,Gamma Leash Nylon,3,597.00
46244,0003-2608-00050,,8850000000059,Beta Flea Drops Small,1,690.00
46244,0003-2608-00050,,8850000000127,Delta Clumping Litter 10L,3,735.00
46244,0003-2608-00050,,8850000000134,Delta Pee Pad 50s,1,329.00
46244,0003-2608-00050,,8850000000028,Alpha Puppy 1.5kg,3,867.00
รวมวันที่ 10/08/2026,,,,,135,37688.16
46245,0003-2608-00051,,8850000000097,Gamma Leash Nylon,1,199.00
46245,0003-2608-00051,,8850000000103,Gamma Bowl Steel M,1,149.00
46245,0003-2608-00051,,8850000000080,Beta Joint Chew 60s,2,2500.00
46245,0003-2608-00052,R0151,8850000000011,Alpha Adult Dog 3kg,2,918.00
46245,0003-2608-00052,R0151,8850000000127,Delta Clumping Litter 10L,2,490.00
46245,0003-2608-00053,,8850000000103,Gamma Bowl Steel M,1,149.00
46245,0003-2608-00053,,8850000000134,Delta Pee Pad 50s,3,987.00
46245,0003-2608-00053,,8850000000080,Beta Joint Chew 60s,2,2500.00
46245,0003-2608-00053,,8850000000110,Gamma Cat Toy Feather,2,118.00

บริษัท ตัวอย่าง เพ็ท เทรด จำกัด,,รายงานรายละเอียดการขาย,,,หน้าที่ 4,
วันที่,เลขที่บิล,สมาชิก,รหัสสินค้า,ชื่อสินค้า,จำนวน,ยอดสุทธิ
46245,0003-2608-00054,,8850000000110,Gamma Cat Toy Feather,3,177.00
46245,0003-2608-00054,,2000000000017,Grooming service,1,350.00
46245,0003-2608-00055,R0391,2000000000017,Grooming service,2,700.00
46245,0003-2608-00055,R0391,2000000000017,Grooming service,2,700.00
46245,0003-2608-00056,R0123,2000000000017,Grooming service,2,700.00
รวมวันที่ 11/08/2026,,,,,26,10637.00
46246,0003-2608-00057,W0002,8850000000059,Beta Flea Drops Small,24,14572.80
46246,0003-2608-00057,W0002,8850000000097,Gamma Leash Nylon,20,3502.40
46246,0003-2608-00057,W0002,8850000000028,Alpha Puppy 1.5kg,10,2543.20
46246,0003-2608-00057,W0002,8850000000127,Delta Clumping Litter 10L,22,4743.20
46246,0003-2608-00058,W0002,8850000000080,Beta Joint Chew 60s,10,11000.00
46246,0003-2608-00058,W0002,8850000000080,Beta Joint Chew 60s,23,25300.00
46246,0003-2608-00059,R0216,8850000000134,Delta Pee Pad 50s,2,658.00
46246,0003-2608-00059,R0216,8850000000080,Beta Joint Chew 60s,3,3750.00
46246,0003-2608-00059,R0216,9999999999994,Unregistered item,1,120.00
46246,0003-2608-00059,R0216,9999999999994,Unregistered item,3,360.00
46246,0003-2608-00060,R0111,8850000000103,Gamma Bowl Steel M,1,149.00
46246,0003-2608-00060,R0111,9999999999994,Unregistered item,3,360.00
46246,0003-2608-00060,R0111,8850000000059,Beta Flea Drops Small,3,2070.00
รวมวันที่ 12/08/2026,,,,,125,69128.60
46247,0003-2608-00061,R0331,8850000000103,Gamma Bowl Steel M,2,298.00
46247,0003-2608-00061,R0331,8850000000066,Beta Flea Drops Large,3,2670.00
46247,0003-2608-00061,R0331,8850000000066,Beta Flea Drops Large,2,1780.00
46247,0003-2608-00062,,8850000000110,Gamma Cat Toy Feather,1,59.00
46247,0003-2608-00063,,8850000000035,Alpha Cat Indoor 1.2kg,3,957.00
46247,0003-2608-00063,,2000000000017,Grooming service,1,350.00
46247,0003-2608-00063,,8850000000028,Alpha Puppy 1.5kg,3,867.00
46247,0003-2608-00063,,8850000000073,Beta Dewormer Tablet,3,285.00
46247,0003-2608-00064,R0256,8850000000059,Beta Flea Drops Small,1,690.00
46247,0003-2608-00065,R0342,8850000000059,Beta Flea Drops Small,2,1380.00
46247,0003-2608-00065,R0342,8850000000059,Beta Flea Drops Small,1,690.00
46247,0003-2608-00065,R0342,8850000000059,Beta Flea Drops Small,2,1380.00
46247,0003-2608-00065,R0342,8850000000110,Gamma Cat Toy Feather,3,177.00
รวมวันที่ 13/08/2026,,,,,27,11583.00
46248,0003-2608-00066,,8850000000042,Alpha Wet Tuna 85g,2,50.00
46248,0003-2608-00066,,8850000000134,Delta Pee Pad 50s,2,658.00
46248,0003-2608-00066,,2000000000017,Grooming service,2,700.00
46248,0003-2608-00066,,8850000000127,Delta Clumping Litter 10L,1,245.00
46248,0003-2608-00067,R0196,8850000000042,Alpha Wet Tuna 85g,3,75.00
46248,0003-2608-00067,R0196,8850000000127,Delta Clumping Litter 10L,2,490.00
46248,0003-2608-00067,R0196,8850000000059,Beta Flea Drops Small,2,1380.00
46248,0003-2608-00067,R0196,8850000000035,Alpha Cat Indoor 1.2kg,2,638.00
46248,0003-2608-00068,W0005,8850000000103,Gamma Bowl Steel M,25,3278.00
46248,0003-2608-00069,W0005,8850000000134,Delta Pee Pad 50s,17,4921.84
46248,0003-2608-00069,W0005,8850000000110,Gamma Cat Toy Feather,28,1453.76
46248,0003-2608-00070,W0003,9999999999994,Unregistered item,9,950.40
รวมวันที่ 14/08/2026,,,,,95,14840.00
46249,0003-2608-00071,,8850000000127,Delta Clumping Litter 10L,2,490.00
46249,0003-2608-00072,R0039,9999999999994,Unregistered item,2,240.00

บริษัท ตัวอย่าง เพ็ท เทรด จำกัด,,รายงานรายละเอียดการขาย,,,หน้าที่ 5,
วันที่,เลขที่บิล,สมาชิก,รหัสสินค้า,ชื่อสินค้า,จำนวน,ยอดสุทธิ
46249,0003-2608-00073,,8850000000080,Beta Joint Chew 60s,3,3750.00
46249,0003-2608-00074,W0005,8850000000127,Delta Clumping Litter 10L,9,1940.40
46249,0003-2608-00074,W0005,9999999999994,Unregistered item,26,2745.60
46249,0003-2608-00074,W0005,8850000000066,Beta Flea Drops Large,26,20363.20
46249,0003-2608-00074,W0005,8850000000110,Gamma Cat Toy Feather,18,934.56
46249,0003-2608-00075,,8850000000127,Delta Clumping Litter 10L,1,245.00
46249,0003-2608-00075,,8850000000042,Alpha Wet Tuna 85g,2,50.00
46249,0003-2608-00076,,8850000000080,Beta Joint Chew 60s,1,1250.00
46249,0003-2608-00076,,8850000000011,Alpha Adult Dog 3kg,1,459.00
รวมวันที่ 15/08/2026,,,,,91,32467.76
46250,0003-2608-00077,,8850000000103,Gamma Bowl Steel M,3,447.00
46250,0003-2608-00077,,8850000000011,Alpha Adult Dog 3kg,2,918.00
46250,0003-2608-00077,,8850000000073,Beta Dewormer Tablet,1,95.00
46250,0003-2608-00077,,2000000000017,Grooming service,3,1050.00
46250,0003-2608-00078,,8850000000011,Alpha Adult Dog 3kg,3,1377.00
46250,0003-2608-00078,,8850000000042,Alpha Wet Tuna 85g,3,75.00
46250,0003-2608-00079,,2000000000017,Grooming service,3,1050.00
46250,0003-2608-00079,,8850000000134,Delta Pee Pad 50s,3,987.00
46250,0003-2608-00079,,8850000000042,Alpha Wet Tuna 85g,2,50.00
รวมวันที่ 16/08/2026,,,,,23,6049.00
46251,0003-2608-00080,R0017,8850000000042,Alpha Wet Tuna 85g,2,50.00
46251,0003-2608-00080,R0017,8850000000042,Alpha Wet Tuna 85g,2,50.00
46251,0003-2608-00080,R0017,8850000000028,Alpha Puppy 1.5kg,1,289.00
46251,0003-2608-00080,R0017,8850000000035,Alpha Cat Indoor 1.2kg,3,957.00
46251,0003-2608-00081,W0003,8850000000042,Alpha Wet Tuna 85g,13,286.00
46251,0003-2608-00081,W0003,8850000000103,Gamma Bowl Steel M,28,3671.36
46251,0003-2608-00081,W0003,8850000000028,Alpha Puppy 1.5kg,9,2288.88
46251,0003-2608-00082,R0092,8850000000127,Delta Clumping Litter 10L,3,735.00
46251,0003-2608-00083,R0249,8850000000073,Beta Dewormer Tablet,1,95.00
46251,0003-2608-00083,R0249,8850000000059,Beta Flea Drops Small,2,1380.00
46251,0003-2608-00084,W0004,8850000000080,Beta Joint Chew 60s,29,31900.00
รวมวันที่ 17/08/2026,,,,,93,41702.24
46252,0003-2608-00085,,8850000000028,Alpha Puppy 1.5kg,1,289.00
46252,0003-2608-00086,,8850000000080,Beta Joint Chew 60s,3,3750.00
46252,0003-2608-00086,,9999999999994,Unregistered item,1,120.00
46252,0003-2608-00087,R0221,8850000000035,Alpha Cat Indoor 1.2kg,2,638.00
46252,0003-2608-00087,R0221,8850000000059,Beta Flea Drops Small,2,1380.00
46252,0003-2608-00087,R0221,8850000000011,Alpha Adult Dog 3kg,3,1377.00
รวมวันที่ 18/08/2026,,,,,12,7554.00
46253,0003-2608-00088,W0003,2000000000017,Grooming service,6,1848.00
46253,0003-2608-00088,W0003,8850000000066,Beta Flea Drops Large,21,16447.20
46253,0003-2608-00088,W0003,8850000000097,Gamma Leash Nylon,27,4728.24
46253,0003-2608-00088,W0003,8850000000059,Beta Flea Drops Small,17,10322.40
46253,0003-2608-00089,,8850000000059,Beta Flea Drops Small,1,690.00
46253,0003-2608-00089,,9999999999994,Unregistered item,1,120.00
46253,0003-2608-00089,,8850000000134,Delta Pee Pad 50s,1,329.00
46253,0003-2608-00089,,8850000000011,Alpha Adult Dog 3kg,2,918.00
46253,0003-2608-00090,,8850000000035,Alpha Cat Indoor 1.2kg,1,319.00
46253,0003-2608-00090,,8850000000134,Delta Pee Pad 50s,2,658.00
รวมวันที่ 19/08/2026,,,,,79,36379.84

บริษัท ตัวอย่าง เพ็ท เทรด จำกัด,,รายงานรายละเอียดการขาย,,,หน้าที่ 6,
วันที่,เลขที่บิล,สมาชิก,รหัสสินค้า,ชื่อสินค้า,จำนวน,ยอดสุทธิ
46254,0003-2608-00091,,8850000000103,Gamma Bowl Steel M,1,149.00
46254,0003-2608-00091,,8850000000134,Delta Pee Pad 50s,3,987.00
46254,0003-2608-00091,,8850000000028,Alpha Puppy 1.5kg,3,867.00
46254,0003-2608-00091,,8850000000127,Delta Clumping Litter 10L,1,245.00
46254,0003-2608-00092,W0005,8850000000080,Beta Joint Chew 60s,21,23100.00
46254,0003-2608-00092,W0005,8850000000035,Alpha Cat Indoor 1.2kg,25,7018.00
46254,0003-2608-00093,,8850000000097,Gamma Leash Nylon,2,398.00
46254,0003-2608-00093,,8850000000042,Alpha Wet Tuna 85g,3,75.00
รวมวันที่ 20/08/2026,,,,,59,32839.00
46255,0003-2608-00094,W0002,8850000000097,Gamma Leash Nylon,29,5078.48
46255,0003-2608-00094,W0002,8850000000073,Beta Dewormer Tablet,29,2424.40
46255,0003-2608-00094,W0002,8850000000103,Gamma Bowl Steel M,8,1048.96
46255,0003-2608-00094,W0002,9999999999994,Unregistered item,14,1478.40
46255,0003-2608-00095,,8850000000059,Beta Flea Drops Small,1,690.00
46255,0003-2608-00095,,9999999999994,Unregistered item,3,360.00
46255,0003-2608-00095,,8850000000066,Beta Flea Drops Large,1,890.00
46255,0003-2608-00095,,8850000000059,Beta Flea Drops Small,3,2070.00
46255,0003-2608-00096,,8850000000059,Beta Flea Drops Small,3,2070.00
46255,0003-2608-00096,,8850000000073,Beta Dewormer Tablet,3,285.00
46255,0003-2608-00096,,9999999999994,Unregistered item,1,120.00
46255,0003-2608-00097,,8850000000127,Delta Clumping Litter 10L,1,245.00
46255,0003-2608-00097,,8850000000059,Beta Flea Drops Small,1,690.00
46255,0003-2608-00097,,8850000000127,Delta Clumping Litter 10L,1,245.00
46255,0003-2608-00098,W0001,8850000000127,Delta Clumping Litter 10L,22,4743.20
46255,0003-2608-00098,W0001,8850000000035,Alpha Cat Indoor 1.2kg,26,7298.72
รวมวันที่ 21/08/2026,,,,,146,29737.16
46256,0003-2608-00099,R0273,8850000000028,Alpha Puppy 1.5kg,3,867.00
46256,0003-2608-00100,R0318,8850000000103,Gamma Bowl Steel M,2,298.00
46256,0003-2608-00101,R0322,8850000000028,Alpha Puppy 1.5kg,1,289.00
รวมวันที่ 22/08/2026,,,,,6,1454.00
46257,0003-2608-00102,R0168,8850000000028,Alpha Puppy 1.5kg,2,578.00
46257,0003-2608-00102,R0168,8850000000059,Beta Flea Drops Small,2,1380.00
46257,0003-2608-00102,R0168,8850000000110,Gamma Cat Toy Feather,3,177.00
46257,0003-2608-00103,R0173,9999999999994,Unregistered item,2,240.00
46257,0003-2608-00103,R0173,8850000000097,Gamma Leash Nylon,3,597.00
46257,0003-2608-00103,R0173,8850000000127,Delta Clumping Litter 10L,2,490.00
46257,0003-2608-00104,W0003,8850000000011,Alpha Adult Dog 3kg,28,11309.76
46257,0003-2608-00104,W0003,8850000000110,Gamma Cat Toy Feather,13,674.96
46257,0003-2608-00104,W0003,2000000000017,Grooming service,14,4312.00
46257,0003-2608-00105,,9999999999994,Unregistered item,1,120.00
46257,0003-2608-00105,,8850000000080,Beta Joint Chew 60s,1,1250.00
46257,0003-2608-00105,,8850000000059,Beta Flea Drops Small,3,2070.00
รวมวันที่ 23/08/2026,,,,,74,23198.72
46258,0003-2608-00106,,8850000000035,Alpha Cat Indoor 1.2kg,1,319.00
46258,0003-2608-00106,,8850000000110,Gamma Cat Toy Feather,1,59.00
46258,0003-2608-00106,,8850000000035,Alpha Cat Indoor 1.2kg,1,319.00
46258,0003-2608-00106,,8850000000073,Beta Dewormer Tablet,3,285.00
46258,0003-2608-00107,,8850000000103,Gamma Bowl Steel M,3,447.00
46258,0003-2608-00107,,8850000000127,Delta Clumping Litter 10L,2,490.00

บริษัท ตัวอย่าง เพ็ท เทรด จำกัด,,รายงานรายละเอียดการขาย,,,หน้าที่ 7,
วันที่,เลขที่บิล,สมาชิก,รหัสสินค้า,ชื่อสินค้า,จำนวน,ยอดสุทธิ
46258,0003-2608-00107,,8850000000080,Beta Joint Chew 60s,1,1250.00
46258,0003-2608-00107,,8850000000059,Beta Flea Drops Small,1,690.00
46258,0003-2608-00108,,8850000000011,Alpha Adult Dog 3kg,1,459.00
46258,0003-2608-00108,,8850000000059,Beta Flea Drops Small,1,690.00
46258,0003-2608-00108,,8850000000028,Alpha Puppy 1.5kg,1,289.00
46258,0003-2608-00108,,9999999999994,Unregistered item,2,240.00
46258,0003-2608-00109,R0355,8850000000011,Alpha Adult Dog 3kg,2,918.00
46258,0003-2608-00109,R0355,8850000000097,Gamma Leash Nylon,3,597.00
46258,0003-2608-00109,R0355,9999999999994,Unregistered item,2,240.00
46258,0003-2608-00110,,8850000000066,Beta Flea Drops Large,2,1780.00
46258,0003-2608-00110,,8850000000028,Alpha Puppy 1.5kg,1,289.00
รวมวันที่ 24/08/2026,,,,,28,9361.00
46259,0003-2608-00111,,8850000000035,Alpha Cat Indoor 1.2kg,2,638.00
46259,0003-2608-00111,,8850000000066,Beta Flea Drops Large,2,1780.00
46259,0003-2608-00111,,8850000000073,Beta Dewormer Tablet,3,285.00
46259,0003-2608-00112,R0383,8850000000042,Alpha Wet Tuna 85g,3,75.00
46259,0003-2608-00113,R0149,9999999999994,Unregistered item,3,360.00
46259,0003-2608-00113,R0149,8850000000127,Delta Clumping Litter 10L,3,735.00
46259,0003-2608-00114,R0306,8850000000127,Delta Clumping Litter 10L,3,735.00
46259,0003-2608-00114,R0306,8850000000011,Alpha Adult Dog 3kg,3,1377.00
46259,0003-2608-00115,W0001,8850000000073,Beta Dewormer Tablet,7,585.20
46259,0003-2608-00115,W0001,8850000000134,Delta Pee Pad 50s,10,2895.20
46259,0003-2608-00115,W0001,2000000000017,Grooming service,11,3388.00
รวมวันที่ 25/08/2026,,,,,50,12853.40
46260,0003-2608-00116,,8850000000059,Beta Flea Drops Small,3,2070.00
46260,0003-2608-00116,,8850000000073,Beta Dewormer Tablet,3,285.00
46260,0003-2608-00117,,9999999999994,Unregistered item,1,120.00
46260,0003-2608-00117,,8850000000127,Delta Clumping Litter 10L,3,735.00
46260,0003-2608-00117,,8850000000059,Beta Flea Drops Small,1,690.00
46260,0003-2608-00118,W0001,2000000000017,Grooming service,12,3696.00
46260,0003-2608-00119,,8850000000110,Gamma Cat Toy Feather,3,177.00
รวมวันที่ 26/08/2026,,,,,26,7773.00
46261,0003-2608-00120,R0175,8850000000028,Alpha Puppy 1.5kg,2,578.00
46261,0003-2608-00120,R0175,8850000000110,Gamma Cat Toy Feather,2,118.00
46261,0003-2608-00120,R0175,8850000000097,Gamma Leash Nylon,1,199.00
46261,0003-2608-00120,R0175,8850000000110,Gamma Cat Toy Feather,2,118.00
46261,0003-2608-00121,,8850000000080,Beta Joint Chew 60s,3,3750.00
46261,0003-2608-00122,R0226,8850000000127,Delta Clumping Litter 10L,1,245.00
46261,0003-2608-00123,W0002,8850000000097,Gamma Leash Nylon,15,2626.80
46261,0003-2608-00123,W0002,9999999999994,Unregistered item,17,1795.20
46261,0003-2608-00123,W0002,8850000000103,Gamma Bowl Steel M,17,2229.04
46261,0003-2608-00124,W0001,8850000000073,Beta Dewormer Tablet,15,1254.00
46261,0003-2608-00124,W0001,8850000000080,Beta Joint Chew 60s,9,9900.00
46261,0003-2608-00124,W0001,8850000000097,Gamma Leash Nylon,29,5078.48
46261,0003-2608-00124,W0001,8850000000066,Beta Flea Drops Large,29,22712.80
รวมวันที่ 27/08/2026,,,,,142,50604.32
46262,0003-2608-00125,,8850000000103,Gamma Bowl Steel M,2,298.00
46262,0003-2608-00125,,8850000000059,Beta Flea Drops Small,2,1380.00
46262,0003-2608-00125,,8850000000059,Beta Flea Drops Small,3,2070.00

บริษัท ตัวอย่าง เพ็ท เทรด จำกัด,,รายงานรายละเอียดการขาย,,,หน้าที่ 8,
วันที่,เลขที่บิล,สมาชิก,รหัสสินค้า,ชื่อสินค้า,จำนวน,ยอดสุทธิ
46262,0003-2608-00125,,8850000000042,Alpha Wet Tuna 85g,3,75.00
46262,0003-2608-00126,,8850000000066,Beta Flea Drops Large,3,2670.00
46262,0003-2608-00126,,8850000000035,Alpha Cat Indoor 1.2kg,3,957.00
46262,0003-2608-00127,W0003,9999999999994,Unregistered item,29,3062.40
46262,0003-2608-00127,W0003,8850000000042,Alpha Wet Tuna 85g,20,440.00
46262,0003-2608-00127,W0003,8850000000011,Alpha Adult Dog 3kg,15,6058.80
46262,0003-2608-00127,W0003,8850000000066,Beta Flea Drops Large,8,6265.60
46262,0003-2608-00128,W0005,8850000000066,Beta Flea Drops Large,8,6265.60
46262,0003-2608-00128,W0005,8850000000127,Delta Clumping Litter 10L,24,5174.40
รวมวันที่ 28/08/2026,,,,,120,34716.80
46263,0003-2608-00129,,8850000000097,Gamma Leash Nylon,3,597.00
46263,0003-2608-00129,,8850000000011,Alpha Adult Dog 3kg,3,1377.00
46263,0003-2608-00129,,8850000000080,Beta Joint Chew 60s,3,3750.00
46263,0003-2608-00130,R0099,8850000000011,Alpha Adult Dog 3kg,1,459.00
46263,0003-2608-00131,,8850000000127,Delta Clumping Litter 10L,2,490.00
46263,0003-2608-00132,W0003,8850000000097,Gamma Leash Nylon,18,3152.16
46263,0003-2608-00132,W0003,8850000000028,Alpha Puppy 1.5kg,12,3051.84
46263,0003-2608-00132,W0003,8850000000028,Alpha Puppy 1.5kg,28,7120.96
46263,0003-2608-00133,R0141,8850000000011,Alpha Adult Dog 3kg,3,1377.00
46263,0003-2608-00133,R0141,8850000000073,Beta Dewormer Tablet,1,95.00
46263,0003-2608-00133,R0141,8850000000028,Alpha Puppy 1.5kg,3,867.00
46263,0003-2608-00133,R0141,8850000000035,Alpha Cat Indoor 1.2kg,3,957.00
รวมวันที่ 29/08/2026,,,,,80,23293.96
46264,0003-2608-00134,W0001,8850000000103,Gamma Bowl Steel M,24,3146.88
46264,0003-2608-00134,W0001,8850000000028,Alpha Puppy 1.5kg,8,2034.56
46264,0003-2608-00134,W0001,8850000000066,Beta Flea Drops Large,15,11748.00
46264,0003-2608-00135,W0001,8850000000066,Beta Flea Drops Large,8,6265.60
46264,0003-2608-00135,W0001,8850000000080,Beta Joint Chew 60s,10,11000.00
46264,0003-2608-00135,W0001,9999999999994,Unregistered item,13,1372.80
46264,0003-2608-00136,R0131,8850000000127,Delta Clumping Litter 10L,1,245.00
รวมวันที่ 30/08/2026,,,,,79,35812.84
46265,0003-2608-00137,W0001,8850000000073,Beta Dewormer Tablet,26,2173.60
46265,0003-2608-00138,W0005,8850000000028,Alpha Puppy 1.5kg,13,3306.16
46265,0003-2608-00138,W0005,8850000000080,Beta Joint Chew 60s,29,31900.00
46265,0003-2608-00138,W0005,8850000000073,Beta Dewormer Tablet,13,1086.80
46265,0003-2608-00139,,8850000000011,Alpha Adult Dog 3kg,2,918.00
46265,0003-2608-00139,,8850000000028,Alpha Puppy 1.5kg,1,289.00
46265,0003-2608-00139,,8850000000110,Gamma Cat Toy Feather,2,118.00
46265,0003-2608-00139,,8850000000059,Beta Flea Drops Small,3,2070.00
รวมวันที่ 31/08/2026,,,,,89,41861.56
