บริษัท เดโม่ เพ็ท ซัพพลาย จำกัด,,รายงานรายละเอียดการขาย,,,หน้าที่ 1,
วันที่,เลขที่บิล,สมาชิก,รหัสสินค้า,ชื่อสินค้า,จำนวน,ยอดสุทธิ
01/08/2569,0004-2608-00001,R0031,8850000000042,Alpha Wet Tuna 85g,3,75.00
01/08/2569,0004-2608-00001,R0031,8850000000110,Gamma Cat Toy Feather,1,59.00
01/08/2569,0004-2608-00001,R0031,8850000000011,Alpha Adult Dog 3kg,3,1377.00
01/08/2569,0004-2608-00001,R0031,8850000000134,Delta Pee Pad 50s,2,658.00
01/08/2569,0002-2608-00001,R0296,2000000000017,Grooming service,2,700.00
01/08/2569,0002-2608-00001,R0296,8850000000103,Gamma Bowl Steel M,2,298.00
01/08/2569,0002-2608-00001,R0296,8850000000066,Beta Flea Drops Large,2,1780.00
01/08/2569,0003-2608-00001,,8850000000103,Gamma Bowl Steel M,3,447.00
01/08/2569,0003-2608-00001,,9999999999994,Unregistered item,2,240.00
01/08/2569,0003-2608-00001,,8850000000066,Beta Flea Drops Large,2,1780.00
01/08/2569,0004-2608-00002,,9999999999994,Unregistered item,3,360.00
01/08/2569,0004-2608-00002,,8850000000011,Alpha Adult Dog 3kg,2,918.00
01/08/2569,0003-2608-00002,R0374,8850000000066,Beta Flea Drops Large,2,1780.00
01/08/2569,0003-2608-00002,R0374,8850000000028,Alpha Puppy 1.5kg,2,578.00
01/08/2569,0003-2608-00002,R0374,8850000000103,Gamma Bowl Steel M,3,447.00
01/08/2569,0003-2608-00002,R0374,8850000000035,Alpha Cat Indoor 1.2kg,2,638.00
01/08/2569,0001-2608-00001,,8850000000103,Gamma Bowl Steel M,3,447.00
01/08/2569,0001-2608-00001,,8850000000103,Gamma Bowl Steel M,3,447.00
01/08/2569,0001-2608-00001,,9999999999994,Unregistered item,1,120.00
01/08/2569,0001-2608-00001,,8850000000103,Gamma Bowl Steel M,3,447.00
01/08/2569,0001-2608-00002,,8850000000035,Alpha Cat Indoor 1.2kg,2,638.00
01/08/2569,0001-2608-00002,,8850000000110,Gamma Cat Toy Feather,1,59.00
01/08/2569,0002-2608-00002,W0004,8850000000066,Beta Flea Drops Large,22,17230.40
01/08/2569,0002-2608-00002,W0004,8850000000127,Delta Clumping Litter 10L,30,6468.00
01/08/2569,0002-2608-00003,W0004,8850000000035,Alpha Cat Indoor 1.2kg,20,5614.40
รวมวันที่ 01/08/2569,,,,,121,43605.80
02/08/2569,0001-2608-00003,R0338,8850000000042,Alpha Wet Tuna 85g,3,75.00
02/08/2569,0001-2608-00003,R0338,8850000000110,Gamma Cat Toy Feather,2,118.00
02/08/2569,0004-2608-00003,R0043,8850000000035,Alpha Cat Indoor 1.2kg,3,957.00
02/08/2569,0004-2608-00003,R0043,8850000000066,Beta Flea Drops Large,2,1780.00
02/08/2569,0004-2608-00003,R0043,9999999999994,Unregistered item,1,120.00
02/08/2569,0003-2608-00003,,8850000000080,Beta Joint Chew 60s,3,3750.00
02/08/2569,0003-2608-00003,,8850000000059,Beta Flea Drops Small,1,690.00
02/08/2569,0003-2608-00003,,8850000000042,Alpha Wet Tuna 85g,1,25.00
02/08/2569,0003-2608-00003,,8850000000059,Beta Flea Drops Small,3,2070.00
02/08/2569,0003-2608-00004,,8850000000110,Gamma Cat Toy Feather,1,59.00
02/08/2569,0003-2608-00004,,8850000000127,Delta Clumping Litter 10L,3,735.00
02/08/2569,0004-2608-00004,,8850000000127,Delta Clumping Litter 10L,1,245.00
02/08/2569,0004-2608-00004,,8850000000059,Beta Flea Drops Small,1,690.00
02/08/2569,0004-2608-00004,,9999999999994,Unregistered item,1,120.00
02/08/2569,0003-2608-00005,R0358,9999999999994,Unregistered item,1,120.00
02/08/2569,0003-2608-00005,R0358,8850000000073,Beta Dewormer Tablet,1,95.00
02/08/2569,0003-2608-00005,R0358,2000000000017,Grooming service,1,350.00
02/08/2569,0003-2608-00005,R0358,9999999999994,Unregistered item,3,360.00
02/08/2569,0003-2608-00006,W0005,2000000000017,Grooming service,17,5236.00
02/08/2569,0003-2608-00007,R0163,8850000000097,Gamma Leash Nylon,3,597.00

บริษัท เดโม่ เพ็ท ซัพพลาย จำกัด,,รายงานรายละเอียดการขาย,,,หน้าที่ 2,
วันที่,เลขที่บิล,สมาชิก,รหัสสินค้า,ชื่อสินค้า,จำนวน,ยอดสุทธิ
02/08/2569,0003-2608-00007,R0163,8850000000097,Gamma Leash Nylon,2,398.00
02/08/2569,0003-2608-00007,R0163,8850000000073,Beta Dewormer Tablet,1,95.00
02/08/2569,0003-2608-00007,R0163,8850000000134,Delta Pee Pad 50s,3,987.00
02/08/2569,0004-2608-00005,,8850000000059,Beta Flea Drops Small,1,690.00
รวมวันที่ 02/08/2569,,,,,59,20362.00
03/08/2569,0001-2608-00004,R0287,8850000000080,Beta Joint Chew 60s,3,3750.00
03/08/2569,0001-2608-00004,R0287,8850000000073,Beta Dewormer Tablet,3,285.00
03/08/2569,0001-2608-00004,R0287,8850000000127,Delta Clumping Litter 10L,2,490.00
03/08/2569,0001-2608-00005,R0150,8850000000080,Beta Joint Chew 60s,1,1250.00
03/08/2569,0001-2608-00006,W0004,8850000000080,Beta Joint Chew 60s,25,27500.00
03/08/2569,0001-2608-00007,R0280,8850000000028,Alpha Puppy 1.5kg,2,578.00
03/08/2569,0001-2608-00007,R0280,8850000000080,Beta Joint Chew 60s,2,2500.00
03/08/2569,0001-2608-00007,R0280,8850000000042,Alpha Wet Tuna 85g,2,50.00
03/08/2569,0003-2608-00008,W0003,2000000000017,Grooming service,24,7392.00
03/08/2569,0002-2608-00004,,8850000000127,Delta Clumping Litter 10L,2,490.00
03/08/2569,0002-2608-00004,,8850000000073,Beta Dewormer Tablet,3,285.00
03/08/2569,0002-2608-00004,,8850000000103,Gamma Bowl Steel M,3,447.00
03/08/2569,0002-2608-00004,,8850000000110,Gamma Cat Toy Feather,3,177.00
03/08/2569,0003-2608-00009,,8850000000097,Gamma Leash Nylon,1,199.00
03/08/2569,0003-2608-00009,,8850000000028,Alpha Puppy 1.5kg,3,867.00
03/08/2569,0003-2608-00009,,8850000000134,Delta Pee Pad 50s,2,658.00
03/08/2569,0003-2608-00010,W0001,8850000000059,Beta Flea Drops Small,10,6072.00
03/08/2569,0003-2608-00010,W0001,8850000000073,Beta Dewormer Tablet,19,1588.40
03/08/2569,0001-2608-00008,,8850000000134,Delta Pee Pad 50s,1,329.00
03/08/2569,0001-2608-00008,,8850000000127,Delta Clumping Litter 10L,1,245.00
03/08/2569,0001-2608-00008,,8850000000028,Alpha Puppy 1.5kg,2,578.00
03/08/2569,0001-2608-00008,,8850000000080,Beta Joint Chew 60s,3,3750.00
03/08/2569,0001-2608-00009,R0097,8850000000011,Alpha Adult Dog 3kg,2,918.00
03/08/2569,0001-2608-00009,R0097,8850000000110,Gamma Cat Toy Feather,2,118.00
03/08/2569,0001-2608-00009,R0097,8850000000073,Beta Dewormer Tablet,3,285.00
03/08/2569,0001-2608-00009,R0097,2000000000017,Grooming service,3,1050.00
03/08/2569,0002-2608-00005,W0003,8850000000080,Beta Joint Chew 60s,18,19800.00
03/08/2569,0002-2608-00006,,8850000000097,Gamma Leash Nylon,2,398.00
03/08/2569,0002-2608-00006,,9999999999994,Unregistered item,3,360.00
03/08/2569,0002-2608-00006,,8850000000127,Delta Clumping Litter 10L,3,735.00
รวมวันที่ 03/08/2569,,,,,153,83144.40
04/08/2569,0001-2608-00010,R0032,8850000000059,Beta Flea Drops Small,3,2070.00
04/08/2569,0001-2608-00011,R0009,9999999999994,Unregistered item,3,360.00
04/08/2569,0001-2608-00011,R0009,8850000000080,Beta Joint Chew 60s,1,1250.00
04/08/2569,0001-2608-00011,R0009,8850000000042,Alpha Wet Tuna 85g,3,75.00
04/08/2569,0002-2608-00007,,8850000000073,Beta Dewormer Tablet,1,95.00
04/08/2569,0002-2608-00007,,8850000000097,Gamma Leash Nylon,2,398.00
04/08/2569,0002-2608-00007,,8850000000134,Delta Pee Pad 50s,2,658.00
04/08/2569,0002-2608-00007,,8850000000059,Beta Flea Drops Small,1,690.00
04/08/2569,0004-2608-00006,R0313,8850000000035,Alpha Cat Indoor 1.2kg,1,319.00
04/08/2569,0004-2608-00006,R0313,8850000000103,Gamma Bowl Steel M,2,298.00
04/08/2569,0004-2608-00006,R0313,8850000000066,Beta Flea Drops Large,3,2670.00

บริษัท เดโม่ เพ็ท ซัพพลาย จำกัด,,รายงานรายละเอียดการขาย,,,หน้าที่ 3,
วันที่,เลขที่บิล,สมาชิก,รหัสสินค้า,ชื่อสินค้า,จำนวน,ยอดสุทธิ
04/08/2569,0004-2608-00007,R0384,8850000000042,Alpha Wet Tuna 85g,3,75.00
04/08/2569,0004-2608-00007,R0384,9999999999994,Unregistered item,2,240.00
04/08/2569,0002-2608-00008,R0021,8850000000134,Delta Pee Pad 50s,1,329.00
04/08/2569,0003-2608-00011,R0072,8850000000059,Beta Flea Drops Small,2,1380.00
04/08/2569,0003-2608-00011,R0072,8850000000035,Alpha Cat Indoor 1.2kg,3,957.00
04/08/2569,0003-2608-00011,R0072,8850000000042,Alpha Wet Tuna 85g,3,75.00
04/08/2569,0004-2608-00008,R0164,8850000000066,Beta Flea Drops Large,1,890.00
04/08/2569,0004-2608-00008,R0164,8850000000035,Alpha Cat Indoor 1.2kg,1,319.00
04/08/2569,0002-2608-00009,R0373,8850000000073,Beta Dewormer Tablet,1,95.00
04/08/2569,0002-2608-00009,R0373,8850000000110,Gamma Cat Toy Feather,2,118.00
04/08/2569,0002-2608-00009,R0373,8850000000028,Alpha Puppy 1.5kg,2,578.00
04/08/2569,0001-2608-00012,,8850000000127,Delta Clumping Litter 10L,3,735.00
04/08/2569,0002-2608-00010,,9999999999994,Unregistered item,3,360.00
04/08/2569,0002-2608-00010,,8850000000011,Alpha Adult Dog 3kg,1,459.00
04/08/2569,0002-2608-00010,,2000000000017,Grooming service,3,1050.00
04/08/2569,0002-2608-00010,,8850000000028,Alpha Puppy 1.5kg,2,578.00
04/08/2569,0003-2608-00012,,8850000000080,Beta Joint Chew 60s,2,2500.00
04/08/2569,0002-2608-00011,,8850000000134,Delta Pee Pad 50s,2,658.00
04/08/2569,0002-2608-00011,,8850000000134,Delta Pee Pad 50s,2,658.00
04/08/2569,0002-2608-00011,,8850000000103,Gamma Bowl Steel M,3,447.00
04/08/2569,0002-2608-00011,,8850000000042,Alpha Wet Tuna 85g,1,25.00
04/08/2569,0001-2608-00013,R0229,8850000000066,Beta Flea Drops Large,2,1780.00
รวมวันที่ 04/08/2569,,,,,67,23189.00
05/08/2569,0004-2608-00009,,8850000000011,Alpha Adult Dog 3kg,3,1377.00
05/08/2569,0004-2608-00009,,8850000000028,Alpha Puppy 1.5kg,3,867.00
05/08/2569,0004-2608-00009,,9999999999994,Unregistered item,3,360.00
05/08/2569,0002-2608-00012,,8850000000110,Gamma Cat Toy Feather,1,59.00
05/08/2569,0002-2608-00012,,8850000000059,Beta Flea Drops Small,3,2070.00
05/08/2569,0002-2608-00012,,8850000000134,Delta Pee Pad 50s,1,329.00
05/08/2569,0003-2608-00013,,8850000000059,Beta Flea Drops Small,3,2070.00
05/08/2569,0003-2608-00013,,8850000000080,Beta Joint Chew 60s,3,3750.00
05/08/2569,0003-2608-00013,,8850000000097,Gamma Leash Nylon,3,597.00
05/08/2569,0003-2608-00013,,8850000000028,Alpha Puppy 1.5kg,2,578.00
05/08/2569,0003-2608-00014,R0109,8850000000134,Delta Pee Pad 50s,1,329.00
05/08/2569,0002-2608-00013,R0080,8850000000103,Gamma Bowl Steel M,3,447.00
05/08/2569,0002-2608-00013,R0080,9999999999994,Unregistered item,3,360.00
05/08/2569,0002-2608-00013,R0080,9999999999994,Unregistered item,2,240.00
05/08/2569,0003-2608-00015,W0005,8850000000080,Beta Joint Chew 60s,17,18700.00
05/08/2569,0003-2608-00015,W0005,8850000000066,Beta Flea Drops Large,30,23496.00
05/08/2569,0003-2608-00015,W0005,8850000000110,Gamma Cat Toy Feather,25,1298.00
05/08/2569,0001-2608-00014,,9999999999994,Unregistered item,1,120.00
05/08/2569,0001-2608-00014,,8850000000028,Alpha Puppy 1.5kg,3,867.00
05/08/2569,0001-2608-00014,,8850000000110,Gamma Cat Toy Feather,1,59.00
05/08/2569,0002-2608-00014,,2000000000017,Grooming service,2,700.00
05/08/2569,0002-2608-00014,,8850000000097,Gamma Leash Nylon,2,398.00
05/08/2569,0002-2608-00014,,8850000000066,Beta Flea Drops Large,2,1780.00

บริษัท เดโม่ เพ็ท ซัพพลาย จำกัด,,รายงานรายละเอียดการขาย,,,หน้าที่ 4,
วันที่,เลขที่บิล,สมาชิก,รหัสสินค้า,ชื่อสินค้า,จำนวน,ยอดสุทธิ
05/08/2569,0002-2608-00014,,8850000000127,Delta Clumping Litter 10L,2,490.00
รวมวันที่ 05/08/2569,,,,,119,61341.00
06/08/2569,0001-2608-00015,R0282,8850000000066,Beta Flea Drops Large,3,2670.00
06/08/2569,0001-2608-00015,R0282,8850000000097,Gamma Leash Nylon,2,398.00
06/08/2569,0001-2608-00015,R0282,8850000000028,Alpha Puppy 1.5kg,1,289.00
06/08/2569,0001-2608-00015,R0282,8850000000134,Delta Pee Pad 50s,1,329.00
06/08/2569,0001-2608-00016,,8850000000035,Alpha Cat Indoor 1.2kg,2,638.00
06/08/2569,0001-2608-00016,,8850000000080,Beta Joint Chew 60s,2,2500.00
06/08/2569,0001-2608-00016,,8850000000011,Alpha Adult Dog 3kg,2,918.00
06/08/2569,0003-2608-00016,R0101,9999999999994,Unregistered item,2,240.00
06/08/2569,0003-2608-00016,R0101,8850000000103,Gamma Bowl Steel M,2,298.00
06/08/2569,0001-2608-00017,,8850000000103,Gamma Bowl Steel M,2,298.00
06/08/2569,0001-2608-00017,,8850000000066,Beta Flea Drops Large,2,1780.00
06/08/2569,0001-2608-00017,,8850000000110,Gamma Cat Toy Feather,1,59.00
06/08/2569,0001-2608-00017,,8850000000011,Alpha Adult Dog 3kg,3,1377.00
06/08/2569,0001-2608-00018,W0001,8850000000103,Gamma Bowl Steel M,20,2622.40
06/08/2569,0001-2608-00018,W0001,2000000000017,Grooming service,13,4004.00
06/08/2569,0001-2608-00018,W0001,8850000000080,Beta Joint Chew 60s,15,16500.00
06/08/2569,0001-2608-00018,W0001,8850000000073,Beta Dewormer Tablet,29,2424.40
06/08/2569,0002-2608-00015,W0001,8850000000110,Gamma Cat Toy Feather,28,1453.76
06/08/2569,0002-2608-00015,W0001,8850000000097,Gamma Leash Nylon,16,2801.92
06/08/2569,0002-2608-00015,W0001,8850000000097,Gamma Leash Nylon,28,4903.36
06/08/2569,0002-2608-00016,,8850000000059,Beta Flea Drops Small,2,1380.00
06/08/2569,0002-2608-00016,,8850000000028,Alpha Puppy 1.5kg,1,289.00
06/08/2569,0002-2608-00016,,8850000000127,Delta Clumping Litter 10L,1,245.00
06/08/2569,0001-2608-00019,,8850000000028,Alpha Puppy 1.5kg,2,578.00
06/08/2569,0003-2608-00017,R0277,8850000000073,Beta Dewormer Tablet,1,95.00
06/08/2569,0003-2608-00017,R0277,2000000000017,Grooming service,2,700.00
06/08/2569,0003-2608-00017,R0277,8850000000028,Alpha Puppy 1.5kg,2,578.00
06/08/2569,0003-2608-00018,,9999999999994,Unregistered item,3,360.00
06/08/2569,0003-2608-00018,,2000000000017,Grooming service,2,700.00
06/08/2569,0003-2608-00018,,8850000000080,Beta Joint Chew 60s,1,1250.00
06/08/2569,0003-2608-00018,,8850000000103,Gamma Bowl Steel M,3,447.00
06/08/2569,0001-2608-00020,,9999999999994,Unregistered item,3,360.00
06/08/2569,0001-2608-00020,,9999999999994,Unregistered item,3,360.00
06/08/2569,0001-2608-00020,,8850000000080,Beta Joint Chew 60s,3,3750.00
06/08/2569,0004-2608-00010,R0393,8850000000134,Delta Pee Pad 50s,2,658.00
06/08/2569,0004-2608-00010,R0393,8850000000127,Delta Clumping Litter 10L,3,735.00
06/08/2569,0001-2608-00021,,8850000000103,Gamma Bowl Steel M,3,447.00
06/08/2569,0001-2608-00021,,8850000000127,Delta Clumping Litter 10L,3,735.00
06/08/2569,0001-2608-00021,,2000000000017,Grooming service,2,700.00
06/08/2569,0002-2608-00017,,8850000000059,Beta Flea Drops Small,3,2070.00
06/08/2569,0002-2608-00017,,8850000000011,Alpha Adult Dog 3kg,2,918.00
06/08/2569,0002-2608-00017,,8850000000059,Beta Flea Drops Small,3,2070.00
รวมวันที่ 06/08/2569,,,,,224,65928.84
07/08/2569,0004-2608-00011,R0192,8850000000059,Beta Flea Drops Small,1,690.00
07/08/2569,0004-2608-00011,R0192,2000000000017,Grooming service,2,700.00

บริษัท เดโม่ เพ็ท ซัพพลาย จำกัด,,รายงานรายละเอียดการขาย,,,หน้าที่ 5,
วันที่,เลขที่บิล,สมาชิก,รหัสสินค้า,ชื่อสินค้า,จำนวน,ยอดสุทธิ
07/08/2569,0002-2608-00018,,8850000000035,Alpha Cat Indoor 1.2kg,2,638.00
07/08/2569,0004-2608-00012,,8850000000066,Beta Flea Drops Large,3,2670.00
07/08/2569,0004-2608-00012,,9999999999994,Unregistered item,3,360.00
07/08/2569,0004-2608-00012,,8850000000066,Beta Flea Drops Large,2,1780.00
07/08/2569,0004-2608-00012,,9999999999994,Unregistered item,2,240.00
07/08/2569,0002-2608-00019,R0042,8850000000103,Gamma Bowl Steel M,2,298.00
07/08/2569,0001-2608-00022,R0379,8850000000127,Delta Clumping Litter 10L,1,245.00
07/08/2569,0001-2608-00022,R0379,8850000000080,Beta Joint Chew 60s,3,3750.00
07/08/2569,0003-2608-00019,R0385,8850000000134,Delta Pee Pad 50s,2,658.00
07/08/2569,0003-2608-00019,R0385,8850000000028,Alpha Puppy 1.5kg,2,578.00
07/08/2569,0003-2608-00019,R0385,8850000000103,Gamma Bowl Steel M,2,298.00
07/08/2569,0003-2608-00019,R0385,8850000000097,Gamma Leash Nylon,3,597.00
07/08/2569,0003-2608-00020,R0274,8850000000066,Beta Flea Drops Large,1,890.00
07/08/2569,0003-2608-00020,R0274,9999999999994,Unregistered item,2,240.00
07/08/2569,0004-2608-00013,,2000000000017,Grooming service,2,700.00
07/08/2569,0004-2608-00013,,8850000000042,Alpha Wet Tuna 85g,1,25.00
07/08/2569,0004-2608-00013,,8850000000134,Delta Pee Pad 50s,2,658.00
07/08/2569,0001-2608-00023,W0003,8850000000110,Gamma Cat Toy Feather,11,571.12
07/08/2569,0001-2608-00023,W0003,8850000000097,Gamma Leash Nylon,25,4378.00
07/08/2569,0001-2608-00023,W0003,8850000000073,Beta Dewormer Tablet,23,1922.80
07/08/2569,0001-2608-00023,W0003,8850000000059,Beta Flea Drops Small,15,9108.00
07/08/2569,0004-2608-00014,R0271,8850000000066,Beta Flea Drops Large,3,2670.00
07/08/2569,0004-2608-00014,R0271,8850000000103,Gamma Bowl Steel M,1,149.00
07/08/2569,0003-2608-00021,,2000000000017,Grooming service,2,700.00
07/08/2569,0003-2608-00021,,8850000000097,Gamma Leash Nylon,1,199.00
07/08/2569,0003-2608-00021,,8850000000097,Gamma Leash Nylon,1,199.00
07/08/2569,0003-2608-00021,,8850000000097,Gamma Leash Nylon,3,597.00
07/08/2569,0002-2608-00020,R0220,8850000000080,Beta Joint Chew 60s,3,3750.00
07/08/2569,0002-2608-00020,R0220,9999999999994,Unregistered item,3,360.00
07/08/2569,0002-2608-00020,R0220,9999999999994,Unregistered item,1,120.00
07/08/2569,0002-2608-00020,R0220,8850000000110,Gamma Cat Toy Feather,1,59.00
รวมวันที่ 07/08/2569,,,,,131,40797.92
08/08/2569,0002-2608-00021,R0140,8850000000042,Alpha Wet Tuna 85g,2,50.00
08/08/2569,0002-2608-00021,R0140,8850000000134,Delta Pee Pad 50s,1,329.00
08/08/2569,0002-2608-00022,R0063,8850000000028,Alpha Puppy 1.5kg,3,867.00
08/08/2569,0002-2608-00022,R0063,8850000000134,Delta Pee Pad 50s,3,987.00
08/08/2569,0004-2608-00015,,8850000000035,Alpha Cat Indoor 1.2kg,3,957.00
08/08/2569,0004-2608-00015,,8850000000127,Delta Clumping Litter 10L,2,490.00
08/08/2569,0004-2608-00015,,8850000000110,Gamma Cat Toy Feather,2,118.00
08/08/2569,0002-2608-00023,,8850000000073,Beta Dewormer Tablet,2,190.00
08/08/2569,0002-2608-00023,,8850000000028,Alpha Puppy 1.5kg,3,867.00
08/08/2569,0004-2608-00016,R0103,9999999999994,Unregistered item,1,120.00
08/08/2569,0004-2608-00016,R0103,8850000000103,Gamma Bowl Steel M,2,298.00
08/08/2569,0004-2608-00016,R0103,8850000000097,Gamma Leash Nylon,3,597.00
08/08/2569,0004-2608-00016,R0103,2000000000017,Grooming service,2,700.00
08/08/2569,0002-2608-00024,,8850000000042,Alpha Wet Tuna 85g,3,75.00

บริษัท เดโม่ เพ็ท ซัพพลาย จำกัด,,รายงานรายละเอียดการขาย,,,หน้าที่ 6,
วันที่,เลขที่บิล,สมาชิก,รหัสสินค้า,ชื่อสินค้า,จำนวน,ยอดสุทธิ
08/08/2569,0003-2608-00022,R0067,2000000000017,Grooming service,2,700.00
08/08/2569,0002-2608-00025,R0195,8850000000066,Beta Flea Drops Large,3,2670.00
08/08/2569,0002-2608-00025,R0195,8850000000073,Beta Dewormer Tablet,3,285.00
08/08/2569,0002-2608-00025,R0195,8850000000035,Alpha Cat Indoor 1.2kg,3,957.00
08/08/2569,0002-2608-00025,R0195,8850000000127,Delta Clumping Litter 10L,3,735.00
08/08/2569,0001-2608-00024,R0184,8850000000097,Gamma Leash Nylon,1,199.00
08/08/2569,0001-2608-00024,R0184,8850000000042,Alpha Wet Tuna 85g,3,75.00
08/08/2569,0001-2608-00024,R0184,8850000000066,Beta Flea Drops Large,3,2670.00
08/08/2569,0001-2608-00024,R0184,8850000000073,Beta Dewormer Tablet,3,285.00
08/08/2569,0003-2608-00023,,8850000000035,Alpha Cat Indoor 1.2kg,3,957.00
08/08/2569,0003-2608-00023,,8850000000066,Beta Flea Drops Large,3,2670.00
08/08/2569,0003-2608-00023,,8850000000035,Alpha Cat Indoor 1.2kg,1,319.00
08/08/2569,0004-2608-00017,,9999999999994,Unregistered item,2,240.00
08/08/2569,0004-2608-00017,,8850000000134,Delta Pee Pad 50s,2,658.00
08/08/2569,0004-2608-00017,,8850000000028,Alpha Puppy 1.5kg,3,867.00
08/08/2569,0004-2608-00017,,8850000000097,Gamma Leash Nylon,2,398.00
รวมวันที่ 08/08/2569,,,,,72,21330.00
09/08/2569,0004-2608-00018,R0078,8850000000028,Alpha Puppy 1.5kg,3,867.00
09/08/2569,0004-2608-00018,R0078,8850000000134,Delta Pee Pad 50s,2,658.00
09/08/2569,0004-2608-00018,R0078,8850000000097,Gamma Leash Nylon,1,199.00
09/08/2569,0002-2608-00026,,8850000000110,Gamma Cat Toy Feather,1,59.00
09/08/2569,0002-2608-00027,,2000000000017,Grooming service,1,350.00
09/08/2569,0002-2608-00027,,8850000000080,Beta Joint Chew 60s,2,2500.00
09/08/2569,0002-2608-00027,,8850000000059,Beta Flea Drops Small,3,2070.00
09/08/2569,0002-2608-00027,,8850000000103,Gamma Bowl Steel M,2,298.00
09/08/2569,0004-2608-00019,,8850000000073,Beta Dewormer Tablet,3,285.00
09/08/2569,0004-2608-00019,,8850000000073,Beta Dewormer Tablet,3,285.00
09/08/2569,0002-2608-00028,,8850000000097,Gamma Leash Nylon,3,597.00
09/08/2569,0002-2608-00028,,8850000000035,Alpha Cat Indoor 1.2kg,1,319.00
09/08/2569,0003-2608-00024,,8850000000042,Alpha Wet Tuna 85g,3,75.00
09/08/2569,0003-2608-00025,,8850000000127,Delta Clumping Litter 10L,3,735.00
09/08/2569,0001-2608-00025,,8850000000103,Gamma Bowl Steel M,3,447.00
09/08/2569,0001-2608-00025,,8850000000127,Delta Clumping Litter 10L,1,245.00
รวมวันที่ 09/08/2569,,,,,35,9989.00
10/08/2569,0003-2608-00026,R0197,8850000000073,Beta Dewormer Tablet,2,190.00
10/08/2569,0003-2608-00026,R0197,8850000000127,Delta Clumping Litter 10L,1,245.00
10/08/2569,0003-2608-00026,R0197,8850000000103,Gamma Bowl Steel M,1,149.00
10/08/2569,0003-2608-00026,R0197,8850000000080,Beta Joint Chew 60s,2,2500.00
10/08/2569,0002-2608-00029,,8850000000110,Gamma Cat Toy Feather,3,177.00
10/08/2569,0002-2608-00029,,2000000000017,Grooming service,1,350.00
10/08/2569,0004-2608-00020,R0127,8850000000028,Alpha Puppy 1.5kg,1,289.00
10/08/2569,0004-2608-00020,R0127,8850000000035,Alpha Cat Indoor 1.2kg,3,957.00
10/08/2569,0004-2608-00020,R0127,2000000000017,Grooming service,1,350.00
10/08/2569,0004-2608-00020,R0127,8850000000110,Gamma Cat Toy Feather,2,118.00
10/08/2569,0004-2608-00021,R0073,8850000000059,Beta Flea Drops Small,1,690.00
10/08/2569,0004-2608-00021,R0073,8850000000011,Alpha Adult Dog 3kg,1,459.00
10/08/2569,0004-2608-00021,R0073,8850000000080,Beta Joint Chew 60s,2,2500.00

บริษัท เดโม่ เพ็ท ซัพพลาย จำกัด,,รายงานรายละเอียดการขาย,,,หน้าที่ 7,
วันที่,เลขที่บิล,สมาชิก,รหัสสินค้า,ชื่อสินค้า,จำนวน,ยอดสุทธิ
10/08/2569,0001-2608-00026,W0003,8850000000059,Beta Flea Drops Small,15,9108.00
10/08/2569,0003-2608-00027,,8850000000127,Delta Clumping Litter 10L,1,245.00
10/08/2569,0004-2608-00022,R0260,8850000000127,Delta Clumping Litter 10L,2,490.00
10/08/2569,0003-2608-00028,R0279,8850000000042,Alpha Wet Tuna 85g,1,25.00
10/08/2569,0002-2608-00030,R0001,8850000000059,Beta Flea Drops Small,1,690.00
10/08/2569,0002-2608-00030,R0001,8850000000035,Alpha Cat Indoor 1.2kg,3,957.00
10/08/2569,0002-2608-00031,W0004,8850000000066,Beta Flea Drops Large,19,14880.80
10/08/2569,0002-2608-00031,W0004,8850000000011,Alpha Adult Dog 3kg,10,4039.20
10/08/2569,0002-2608-00031,W0004,8850000000066,Beta Flea Drops Large,24,18796.80
10/08/2569,0002-2608-00031,W0004,8850000000073,Beta Dewormer Tablet,29,2424.40
10/08/2569,0002-2608-00032,R0016,8850000000134,Delta Pee Pad 50s,3,987.00
10/08/2569,0002-2608-00032,R0016,9999999999994,Unregistered item,3,360.00
10/08/2569,0002-2608-00032,R0016,8850000000073,Beta Dewormer Tablet,3,285.00
10/08/2569,0002-2608-00033,W0002,8850000000059,Beta Flea Drops Small,8,4857.60
10/08/2569,0002-2608-00033,W0002,8850000000028,Alpha Puppy 1.5kg,18,4577.76
10/08/2569,0002-2608-00033,W0002,8850000000011,Alpha Adult Dog 3kg,18,7270.56
10/08/2569,0002-2608-00033,W0002,8850000000028,Alpha Puppy 1.5kg,20,5086.40
10/08/2569,0003-2608-00029,W0005,8850000000042,Alpha Wet Tuna 85g,29,638.00
10/08/2569,0003-2608-00029,W0005,8850000000134,Delta Pee Pad 50s,9,2605.68
10/08/2569,0003-2608-00029,W0005,8850000000134,Delta Pee Pad 50s,9,2605.68
รวมวันที่ 10/08/2569,,,,,246,89903.88
11/08/2569,0004-2608-00023,R0275,8850000000097,Gamma Leash Nylon,3,597.00
11/08/2569,0001-2608-00027,,8850000000080,Beta Joint Chew 60s,1,1250.00
11/08/2569,0001-2608-00027,,8850000000127,Delta Clumping Litter 10L,2,490.00
11/08/2569,0003-2608-00030,R0332,8850000000134,Delta Pee Pad 50s,2,658.00
11/08/2569,0003-2608-00030,R0332,8850000000110,Gamma Cat Toy Feather,1,59.00
11/08/2569,0003-2608-00030,R0332,2000000000017,Grooming service,3,1050.00
11/08/2569,0002-2608-00034,R0112,8850000000097,Gamma Leash Nylon,3,597.00
11/08/2569,0004-2608-00024,R0365,9999999999994,Unregistered item,1,120.00
11/08/2569,0004-2608-00024,R0365,8850000000066,Beta Flea Drops Large,1,890.00
11/08/2569,0004-2608-00024,R0365,8850000000134,Delta Pee Pad 50s,3,987.00
11/08/2569,0004-2608-00025,W0002,8850000000066,Beta Flea Drops Large,6,4699.20
11/08/2569,0004-2608-00025,W0002,8850000000073,Beta Dewormer Tablet,13,1086.80
11/08/2569,0002-2608-00035,R0331,8850000000110,Gamma Cat Toy Feather,1,59.00
11/08/2569,0002-2608-00036,W0005,8850000000011,Alpha Adult Dog 3kg,26,10501.92
11/08/2569,0004-2608-00026,W0003,8850000000080,Beta Joint Chew 60s,27,29700.00
11/08/2569,0004-2608-00026,W0003,2000000000017,Grooming service,11,3388.00
11/08/2569,0004-2608-00026,W0003,8850000000127,Delta Clumping Litter 10L,22,4743.20
11/08/2569,0003-2608-00031,R0164,2000000000017,Grooming service,1,350.00
11/08/2569,0003-2608-00031,R0164,8850000000134,Delta Pee Pad 50s,1,329.00
11/08/2569,0003-2608-00031,R0164,8850000000134,Delta Pee Pad 50s,1,329.00
11/08/2569,0003-2608-00031,R0164,8850000000066,Beta Flea Drops Large,1,890.00
11/08/2569,0003-2608-00032,,8850000000110,Gamma Cat Toy Feather,2,118.00
11/08/2569,0003-2608-00032,,8850000000110,Gamma Cat Toy Feather,3,177.00
11/08/2569,0003-2608-00032,,8850000000042,Alpha Wet Tuna 85g,1,25.00
11/08/2569,0002-2608-00037,,8850000000097,Gamma Leash Nylon,3,597.00

บริษัท เดโม่ เพ็ท ซัพพลาย จำกัด,,รายงานรายละเอียดการขาย,,,หน้าที่ 8,
วันที่,เลขที่บิล,สมาชิก,รหัสสินค้า,ชื่อสินค้า,จำนวน,ยอดสุทธิ
11/08/2569,0002-2608-00037,,8850000000028,Alpha Puppy 1.5kg,2,578.00
11/08/2569,0002-2608-00037,,8850000000110,Gamma Cat Toy Feather,2,118.00
11/08/2569,0002-2608-00037,,9999999999994,Unregistered item,1,120.00
11/08/2569,0003-2608-00033,,2000000000017,Grooming service,2,700.00
11/08/2569,0003-2608-00033,,8850000000042,Alpha Wet Tuna 85g,1,25.00
11/08/2569,0003-2608-00033,,8850000000073,Beta Dewormer Tablet,1,95.00
รวมวันที่ 11/08/2569,,,,,148,65327.12
12/08/2569,0002-2608-00038,W0005,8850000000110,Gamma Cat Toy Feather,13,674.96
12/08/2569,0002-2608-00038,W0005,8850000000103,Gamma Bowl Steel M,24,3146.88
12/08/2569,0003-2608-00034,R0197,8850000000042,Alpha Wet Tuna 85g,3,75.00
12/08/2569,0001-2608-00028,,9999999999994,Unregistered item,2,240.00
12/08/2569,0001-2608-00028,,8850000000035,Alpha Cat Indoor 1.2kg,3,957.00
12/08/2569,0003-2608-00035,,8850000000134,Delta Pee Pad 50s,3,987.00
12/08/2569,0003-2608-00035,,8850000000028,Alpha Puppy 1.5kg,2,578.00
12/08/2569,0001-2608-00029,,8850000000073,Beta Dewormer Tablet,2,190.00
12/08/2569,0001-2608-00030,R0107,9999999999994,Unregistered item,2,240.00
12/08/2569,0001-2608-00031,,8850000000066,Beta Flea Drops Large,3,2670.00
12/08/2569,0001-2608-00032,R0029,9999999999994,Unregistered item,3,360.00
12/08/2569,0004-2608-00027,R0286,8850000000035,Alpha Cat Indoor 1.2kg,1,319.00
12/08/2569,0004-2608-00027,R0286,8850000000035,Alpha Cat Indoor 1.2kg,2,638.00
12/08/2569,0003-2608-00036,,8850000000097,Gamma Leash Nylon,1,199.00
12/08/2569,0003-2608-00036,,8850000000011,Alpha Adult Dog 3kg,2,918.00
รวมวันที่ 12/08/2569,,,,,66,12192.84
13/08/2569,0002-2608-00039,,8850000000028,Alpha Puppy 1.5kg,3,867.00
13/08/2569,0002-2608-00039,,8850000000134,Delta Pee Pad 50s,2,658.00
13/08/2569,0002-2608-00039,,8850000000134,Delta Pee Pad 50s,3,987.00
13/08/2569,0002-2608-00039,,9999999999994,Unregistered item,2,240.00
13/08/2569,0001-2608-00033,W0001,8850000000011,Alpha Adult Dog 3kg,18,7270.56
13/08/2569,0001-2608-00033,W0001,8850000000042,Alpha Wet Tuna 85g,15,330.00
13/08/2569,0001-2608-00033,W0001,8850000000035,Alpha Cat Indoor 1.2kg,23,6456.56
13/08/2569,0004-2608-00028,,8850000000127,Delta Clumping Litter 10L,1,245.00
13/08/2569,0004-2608-00028,,8850000000103,Gamma Bowl Steel M,1,149.00
13/08/2569,0004-2608-00028,,8850000000134,Delta Pee Pad 50s,2,658.00
13/08/2569,0001-2608-00034,R0339,2000000000017,Grooming service,3,1050.00
13/08/2569,0001-2608-00034,R0339,8850000000042,Alpha Wet Tuna 85g,1,25.00
13/08/2569,0001-2608-00034,R0339,8850000000066,Beta Flea Drops Large,3,2670.00
13/08/2569,0001-2608-00035,R0343,8850000000127,Delta Clumping Litter 10L,1,245.00
13/08/2569,0002-2608-00040,W0005,8850000000042,Alpha Wet Tuna 85g,6,132.00
13/08/2569,0002-2608-00041,,8850000000028,Alpha Puppy 1.5kg,1,289.00
13/08/2569,0002-2608-00041,,8850000000080,Beta Joint Chew 60s,1,1250.00
13/08/2569,0002-2608-00041,,8850000000028,Alpha Puppy 1.5kg,1,289.00
13/08/2569,0002-2608-00041,,8850000000059,Beta Flea Drops Small,2,1380.00
13/08/2569,0001-2608-00036,R0390,8850000000035,Alpha Cat Indoor 1.2kg,1,319.00
13/08/2569,0001-2608-00036,R0390,8850000000103,Gamma Bowl Steel M,3,447.00
13/08/2569,0003-2608-00037,,8850000000011,Alpha Adult Dog 3kg,2,918.00
13/08/2569,0003-2608-00037,,8850000000103,Gamma Bowl Steel M,1,149.00
13/08/2569,0003-2608-00037,,8850000000073,Beta Dewormer Tablet,1,95.00

บริษัท เดโม่ เพ็ท ซัพพลาย จำกัด,,รายงานรายละเอียดการขาย,,,หน้าที่ 9,
วันที่,เลขที่บิล,สมาชิก,รหัสสินค้า,ชื่อสินค้า,จำนวน,ยอดสุทธิ
13/08/2569,0003-2608-00038,,2000000000017,Grooming service,2,700.00
13/08/2569,0003-2608-00038,,8850000000110,Gamma Cat Toy Feather,2,118.00
รวมวันที่ 13/08/2569,,,,,101,27937.12
14/08/2569,0004-2608-00029,,9999999999994,Unregistered item,2,240.00
14/08/2569,0002-2608-00042,,8850000000059,Beta Flea Drops Small,2,1380.00
14/08/2569,0002-2608-00042,,8850000000011,Alpha Adult Dog 3kg,1,459.00
14/08/2569,0002-2608-00042,,8850000000011,Alpha Adult Dog 3kg,2,918.00
14/08/2569,0002-2608-00042,,8850000000066,Beta Flea Drops Large,2,1780.00
14/08/2569,0002-2608-00043,,8850000000127,Delta Clumping Litter 10L,3,735.00
14/08/2569,0002-2608-00043,,9999999999994,Unregistered item,1,120.00
14/08/2569,0004-2608-00030,,2000000000017,Grooming service,2,700.00
14/08/2569,0004-2608-00030,,8850000000110,Gamma Cat Toy Feather,1,59.00
14/08/2569,0001-2608-00037,R0384,8850000000059,Beta Flea Drops Small,3,2070.00
14/08/2569,0001-2608-00037,R0384,8850000000035,Alpha Cat Indoor 1.2kg,3,957.00
14/08/2569,0001-2608-00037,R0384,2000000000017,Grooming service,1,350.00
14/08/2569,0001-2608-00038,R0390,8850000000073,Beta Dewormer Tablet,3,285.00
14/08/2569,0001-2608-00038,R0390,9999999999994,Unregistered item,2,240.00
14/08/2569,0001-2608-00038,R0390,8850000000097,Gamma Leash Nylon,3,597.00
14/08/2569,0001-2608-00038,R0390,2000000000017,Grooming service,2,700.00
14/08/2569,0004-2608-00031,R0058,8850000000110,Gamma Cat Toy Feather,3,177.00
14/08/2569,0004-2608-00031,R0058,8850000000110,Gamma Cat Toy Feather,2,118.00
14/08/2569,0004-2608-00031,R0058,8850000000097,Gamma Leash Nylon,3,597.00
14/08/2569,0001-2608-00039,R0114,8850000000042,Alpha Wet Tuna 85g,1,25.00
14/08/2569,0001-2608-00039,R0114,8850000000028,Alpha Puppy 1.5kg,2,578.00
14/08/2569,0001-2608-00039,R0114,9999999999994,Unregistered item,1,120.00
14/08/2569,0002-2608-00044,,8850000000103,Gamma Bowl Steel M,3,447.00
14/08/2569,0002-2608-00044,,9999999999994,Unregistered item,1,120.00
14/08/2569,0001-2608-00040,,8850000000134,Delta Pee Pad 50s,1,329.00
14/08/2569,0001-2608-00040,,8850000000073,Beta Dewormer Tablet,2,190.00
14/08/2569,0001-2608-00040,,8850000000042,Alpha Wet Tuna 85g,3,75.00
14/08/2569,0001-2608-00040,,8850000000066,Beta Flea Drops Large,1,890.00
รวมวันที่ 14/08/2569,,,,,56,15256.00
15/08/2569,0002-2608-00045,R0315,8850000000127,Delta Clumping Litter 10L,3,735.00
15/08/2569,0002-2608-00045,R0315,8850000000110,Gamma Cat Toy Feather,2,118.00
15/08/2569,0002-2608-00045,R0315,8850000000103,Gamma Bowl Steel M,1,149.00
15/08/2569,0002-2608-00045,R0315,8850000000035,Alpha Cat Indoor 1.2kg,3,957.00
15/08/2569,0004-2608-00032,,8850000000097,Gamma Leash Nylon,2,398.00
15/08/2569,0004-2608-00032,,8850000000127,Delta Clumping Litter 10L,2,490.00
15/08/2569,0003-2608-00039,W0001,2000000000017,Grooming service,14,4312.00
15/08/2569,0003-2608-00040,R0143,8850000000028,Alpha Puppy 1.5kg,2,578.00
15/08/2569,0003-2608-00040,R0143,8850000000059,Beta Flea Drops Small,2,1380.00
15/08/2569,0002-2608-00046,R0292,8850000000011,Alpha Adult Dog 3kg,2,918.00
15/08/2569,0002-2608-00046,R0292,8850000000011,Alpha Adult Dog 3kg,2,918.00
15/08/2569,0002-2608-00046,R0292,8850000000028,Alpha Puppy 1.5kg,3,867.00
15/08/2569,0001-2608-00041,,8850000000028,Alpha Puppy 1.5kg,2,578.00
15/08/2569,0001-2608-00041,,8850000000080,Beta Joint Chew 60s,2,2500.00
15/08/2569,0004-2608-00033,,8850000000066,Beta Flea Drops Large,1,890.00

บริษัท เดโม่ เพ็ท ซัพพลาย จำกัด,,รายงานรายละเอียดการขาย,,,หน้าที่ 10,
วันที่,เลขที่บิล,สมาชิก,รหัสสินค้า,ชื่อสินค้า,จำนวน,ยอดสุทธิ
15/08/2569,0004-2608-00033,,8850000000097,Gamma Leash Nylon,3,597.00
15/08/2569,0004-2608-00033,,9999999999994,Unregistered item,2,240.00
15/08/2569,0001-2608-00042,,8850000000127,Delta Clumping Litter 10L,1,245.00
15/08/2569,0001-2608-00042,,8850000000011,Alpha Adult Dog 3kg,3,1377.00
15/08/2569,0001-2608-00043,,8850000000134,Delta Pee Pad 50s,2,658.00
15/08/2569,0001-2608-00043,,8850000000066,Beta Flea Drops Large,2,1780.00
15/08/2569,0001-2608-00043,,8850000000011,Alpha Adult Dog 3kg,3,1377.00
15/08/2569,0004-2608-00034,W0004,8850000000042,Alpha Wet Tuna 85g,27,594.00
15/08/2569,0003-2608-00041,R0271,8850000000042,Alpha Wet Tuna 85g,3,75.00
15/08/2569,0003-2608-00041,R0271,8850000000080,Beta Joint Chew 60s,3,3750.00
15/08/2569,0003-2608-00041,R0271,8850000000035,Alpha Cat Indoor 1.2kg,1,319.00
15/08/2569,0003-2608-00041,R0271,8850000000073,Beta Dewormer Tablet,3,285.00
รวมวันที่ 15/08/2569,,,,,96,27085.00
16/08/2569,0004-2608-00035,,8850000000073,Beta Dewormer Tablet,2,190.00
16/08/2569,0004-2608-00035,,8850000000059,Beta Flea Drops Small,3,2070.00
16/08/2569,0002-2608-00047,,2000000000017,Grooming service,2,700.00
16/08/2569,0002-2608-00047,,8850000000011,Alpha Adult Dog 3kg,2,918.00
16/08/2569,0002-2608-00047,,8850000000011,Alpha Adult Dog 3kg,2,918.00
16/08/2569,0001-2608-00044,,9999999999994,Unregistered item,2,240.00
16/08/2569,0001-2608-00044,,2000000000017,Grooming service,2,700.00
16/08/2569,0001-2608-00044,,8850000000103,Gamma Bowl Steel M,1,149.00
16/08/2569,0002-2608-00048,R0366,8850000000011,Alpha Adult Dog 3kg,1,459.00
16/08/2569,0002-2608-00048,R0366,9999999999994,Unregistered item,1,120.00
16/08/2569,0001-2608-00045,,8850000000134,Delta Pee Pad 50s,2,658.00
16/08/2569,0001-2608-00045,,8850000000110,Gamma Cat Toy Feather,1,59.00
16/08/2569,0001-2608-00045,,8850000000011,Alpha Adult Dog 3kg,1,459.00
16/08/2569,0001-2608-00046,R0008,8850000000042,Alpha Wet Tuna 85g,2,50.00
16/08/2569,0001-2608-00046,R0008,8850000000080,Beta Joint Chew 60s,3,3750.00
16/08/2569,0001-2608-00046,R0008,8850000000035,Alpha Cat Indoor 1.2kg,3,957.00
16/08/2569,0001-2608-00046,R0008,8850000000011,Alpha Adult Dog 3kg,2,918.00
16/08/2569,0003-2608-00042,,8850000000103,Gamma Bowl Steel M,2,298.00
16/08/2569,0003-2608-00043,R0186,8850000000103,Gamma Bowl Steel M,1,149.00
16/08/2569,0003-2608-00043,R0186,8850000000097,Gamma Leash Nylon,2,398.00
16/08/2569,0003-2608-00043,R0186,8850000000059,Beta Flea Drops Small,1,690.00
16/08/2569,0002-2608-00049,R0026,8850000000035,Alpha Cat Indoor 1.2kg,1,319.00
16/08/2569,0002-2608-00049,R0026,8850000000134,Delta Pee Pad 50s,3,987.00
16/08/2569,0002-2608-00049,R0026,8850000000059,Beta Flea Drops Small,2,1380.00
16/08/2569,0002-2608-00050,R0162,8850000000080,Beta Joint Chew 60s,2,2500.00
16/08/2569,0002-2608-00050,R0162,8850000000103,Gamma Bowl Steel M,1,149.00
16/08/2569,0002-2608-00050,R0162,8850000000035,Alpha Cat Indoor 1.2kg,3,957.00
16/08/2569,0002-2608-00050,R0162,8850000000028,Alpha Puppy 1.5kg,2,578.00
16/08/2569,0001-2608-00047,,8850000000073,Beta Dewormer Tablet,2,190.00
16/08/2569,0001-2608-00047,,8850000000042,Alpha Wet Tuna 85g,1,25.00
16/08/2569,0001-2608-00047,,8850000000127,Delta Clumping Litter 10L,2,490.00
16/08/2569,0001-2608-00047,,8850000000134,Delta Pee Pad 50s,1,329.00
16/08/2569,0001-2608-00048,R0203,8850000000110,Gamma Cat Toy Feather,1,59.00

บริษัท เดโม่ เพ็ท ซัพพลาย จำกัด,,รายงานรายละเอียดการขาย,,,หน้าที่ 11,
วันที่,เลขที่บิล,สมาชิก,รหัสสินค้า,ชื่อสินค้า,จำนวน,ยอดสุทธิ
16/08/2569,0004-2608-00036,R0023,8850000000035,Alpha Cat Indoor 1.2kg,1,319.00
16/08/2569,0002-2608-00051,,8850000000028,Alpha Puppy 1.5kg,3,867.00
รวมวันที่ 16/08/2569,,,,,63,23999.00
17/08/2569,0004-2608-00037,W0001,8850000000103,Gamma Bowl Steel M,29,3802.48
17/08/2569,0004-2608-00037,W0001,8850000000042,Alpha Wet Tuna 85g,16,352.00
17/08/2569,0003-2608-00044,R0384,8850000000035,Alpha Cat Indoor 1.2kg,3,957.00
17/08/2569,0003-2608-00044,R0384,8850000000035,Alpha Cat Indoor 1.2kg,3,957.00
17/08/2569,0001-2608-00049,R0340,8850000000127,Delta Clumping Litter 10L,2,490.00
17/08/2569,0001-2608-00049,R0340,8850000000127,Delta Clumping Litter 10L,1,245.00
17/08/2569,0001-2608-00049,R0340,8850000000134,Delta Pee Pad 50s,2,658.00
17/08/2569,0001-2608-00049,R0340,8850000000042,Alpha Wet Tuna 85g,1,25.00
17/08/2569,0002-2608-00052,R0106,8850000000066,Beta Flea Drops Large,1,890.00
17/08/2569,0002-2608-00052,R0106,8850000000028,Alpha Puppy 1.5kg,3,867.00
17/08/2569,0002-2608-00052,R0106,8850000000042,Alpha Wet Tuna 85g,1,25.00
17/08/2569,0004-2608-00038,,8850000000035,Alpha Cat Indoor 1.2kg,2,638.00
17/08/2569,0001-2608-00050,,8850000000080,Beta Joint Chew 60s,3,3750.00
17/08/2569,0001-2608-00050,,8850000000066,Beta Flea Drops Large,2,1780.00
17/08/2569,0001-2608-00050,,8850000000028,Alpha Puppy 1.5kg,1,289.00
17/08/2569,0001-2608-00050,,8850000000073,Beta Dewormer Tablet,2,190.00
17/08/2569,0002-2608-00053,W0003,8850000000028,Alpha Puppy 1.5kg,7,1780.24
17/08/2569,0004-2608-00039,,8850000000028,Alpha Puppy 1.5kg,3,867.00
17/08/2569,0004-2608-00039,,8850000000127,Delta Clumping Litter 10L,1,245.00
17/08/2569,0004-2608-00039,,8850000000127,Delta Clumping Litter 10L,2,490.00
17/08/2569,0001-2608-00051,,8850000000035,Alpha Cat Indoor 1.2kg,2,638.00
17/08/2569,0001-2608-00051,,8850000000066,Beta Flea Drops Large,2,1780.00
17/08/2569,0001-2608-00051,,8850000000080,Beta Joint Chew 60s,3,3750.00
17/08/2569,0001-2608-00051,,8850000000059,Beta Flea Drops Small,3,2070.00
17/08/2569,0003-2608-00045,R0179,8850000000073,Beta Dewormer Tablet,1,95.00
17/08/2569,0003-2608-00045,R0179,8850000000042,Alpha Wet Tuna 85g,1,25.00
17/08/2569,0003-2608-00045,R0179,8850000000035,Alpha Cat Indoor 1.2kg,3,957.00
17/08/2569,0003-2608-00045,R0179,8850000000110,Gamma Cat Toy Feather,1,59.00
รวมวันที่ 17/08/2569,,,,,101,28671.72
18/08/2569,0003-2608-00046,R0394,8850000000080,Beta Joint Chew 60s,1,1250.00
18/08/2569,0003-2608-00046,R0394,8850000000127,Delta Clumping Litter 10L,1,245.00
18/08/2569,0003-2608-00046,R0394,8850000000110,Gamma Cat Toy Feather,3,177.00
18/08/2569,0004-2608-00040,R0082,8850000000127,Delta Clumping Litter 10L,2,490.00
18/08/2569,0004-2608-00040,R0082,8850000000042,Alpha Wet Tuna 85g,1,25.00
18/08/2569,0004-2608-00040,R0082,8850000000028,Alpha Puppy 1.5kg,3,867.00
18/08/2569,0004-2608-00041,R0355,8850000000066,Beta Flea Drops Large,1,890.00
18/08/2569,0002-2608-00054,,8850000000059,Beta Flea Drops Small,1,690.00
18/08/2569,0002-2608-00054,,8850000000066,Beta Flea Drops Large,1,890.00
18/08/2569,0002-2608-00054,,8850000000011,Alpha Adult Dog 3kg,3,1377.00
18/08/2569,0002-2608-00055,R0284,8850000000035,Alpha Cat Indoor 1.2kg,1,319.00
18/08/2569,0002-2608-00055,R0284,8850000000103,Gamma Bowl Steel M,2,298.00
18/08/2569,0003-2608-00047,R0269,8850000000011,Alpha Adult Dog 3kg,1,459.00
18/08/2569,0003-2608-00047,R0269,8850000000035,Alpha Cat Indoor 1.2kg,3,957.00
18/08/2569,0004-2608-00042,,8850000000066,Beta Flea Drops Large,3,2670.00

บริษัท เดโม่ เพ็ท ซัพพลาย จำกัด,,รายงานรายละเอียดการขาย,,,หน้าที่ 12,
วันที่,เลขที่บิล,สมาชิก,รหัสสินค้า,ชื่อสินค้า,จำนวน,ยอดสุทธิ
18/08/2569,0004-2608-00042,,8850000000066,Beta Flea Drops Large,3,2670.00
18/08/2569,0004-2608-00042,,8850000000042,Alpha Wet Tuna 85g,3,75.00
18/08/2569,0002-2608-00056,R0200,8850000000011,Alpha Adult Dog 3kg,3,1377.00
18/08/2569,0002-2608-00056,R0200,8850000000073,Beta Dewormer Tablet,1,95.00
18/08/2569,0002-2608-00056,R0200,8850000000028,Alpha Puppy 1.5kg,1,289.00
รวมวันที่ 18/08/2569,,,,,38,16110.00
19/08/2569,0002-2608-00057,,8850000000035,Alpha Cat Indoor 1.2kg,3,957.00
19/08/2569,0002-2608-00057,,8850000000134,Delta Pee Pad 50s,2,658.00
19/08/2569,0001-2608-00052,R0108,8850000000059,Beta Flea Drops Small,1,690.00
19/08/2569,0001-2608-00052,R0108,8850000000134,Delta Pee Pad 50s,2,658.00
19/08/2569,0001-2608-00052,R0108,8850000000097,Gamma Leash Nylon,3,597.00
19/08/2569,0001-2608-00053,W0002,8850000000073,Beta Dewormer Tablet,8,668.80
19/08/2569,0001-2608-00053,W0002,8850000000110,Gamma Cat Toy Feather,20,1038.40
19/08/2569,0002-2608-00058,,8850000000066,Beta Flea Drops Large,2,1780.00
19/08/2569,0002-2608-00058,,8850000000134,Delta Pee Pad 50s,2,658.00
19/08/2569,0002-2608-00058,,8850000000110,Gamma Cat Toy Feather,3,177.00
19/08/2569,0001-2608-00054,W0004,8850000000066,Beta Flea Drops Large,10,7832.00
19/08/2569,0001-2608-00054,W0004,8850000000035,Alpha Cat Indoor 1.2kg,8,2245.76
19/08/2569,0001-2608-00054,W0004,8850000000011,Alpha Adult Dog 3kg,29,11713.68
19/08/2569,0004-2608-00043,W0002,8850000000127,Delta Clumping Litter 10L,18,3880.80
19/08/2569,0004-2608-00043,W0002,8850000000103,Gamma Bowl Steel M,27,3540.24
19/08/2569,0004-2608-00043,W0002,8850000000080,Beta Joint Chew 60s,18,19800.00
19/08/2569,0004-2608-00043,W0002,8850000000011,Alpha Adult Dog 3kg,7,2827.44
19/08/2569,0002-2608-00059,,8850000000110,Gamma Cat Toy Feather,2,118.00
19/08/2569,0002-2608-00059,,8850000000011,Alpha Adult Dog 3kg,1,459.00
19/08/2569,0002-2608-00059,,8850000000110,Gamma Cat Toy Feather,1,59.00
19/08/2569,0004-2608-00044,R0265,8850000000011,Alpha Adult Dog 3kg,3,1377.00
19/08/2569,0004-2608-00044,R0265,8850000000035,Alpha Cat Indoor 1.2kg,1,319.00
19/08/2569,0004-2608-00044,R0265,9999999999994,Unregistered item,3,360.00
19/08/2569,0004-2608-00044,R0265,8850000000073,Beta Dewormer Tablet,2,190.00
รวมวันที่ 19/08/2569,,,,,176,62604.12
20/08/2569,0004-2608-00045,,8850000000059,Beta Flea Drops Small,2,1380.00
20/08/2569,0004-2608-00045,,8850000000103,Gamma Bowl Steel M,2,298.00
20/08/2569,0001-2608-00055,R0308,8850000000127,Delta Clumping Litter 10L,2,490.00
20/08/2569,0001-2608-00055,R0308,8850000000103,Gamma Bowl Steel M,2,298.00
20/08/2569,0001-2608-00055,R0308,8850000000042,Alpha Wet Tuna 85g,3,75.00
20/08/2569,0001-2608-00055,R0308,8850000000035,Alpha Cat Indoor 1.2kg,1,319.00
20/08/2569,0004-2608-00046,,8850000000066,Beta Flea Drops Large,1,890.00
20/08/2569,0004-2608-00046,,8850000000011,Alpha Adult Dog 3kg,1,459.00
20/08/2569,0004-2608-00046,,8850000000035,Alpha Cat Indoor 1.2kg,3,957.00
20/08/2569,0004-2608-00046,,8850000000011,Alpha Adult Dog 3kg,3,1377.00
20/08/2569,0001-2608-00056,,8850000000080,Beta Joint Chew 60s,3,3750.00
20/08/2569,0001-2608-00056,,8850000000011,Alpha Adult Dog 3kg,1,459.00
20/08/2569,0001-2608-00056,,8850000000066,Beta Flea Drops Large,1,890.00
20/08/2569,0003-2608-00048,,8850000000127,Delta Clumping Litter 10L,3,735.00
20/08/2569,0002-2608-00060,,8850000000035,Alpha Cat Indoor 1.2kg,3,957.00
20/08/2569,0002-2608-00060,,8850000000011,Alpha Adult Dog 3kg,1,459.00

บริษัท เดโม่ เพ็ท ซัพพลาย จำกัด,,รายงานรายละเอียดการขาย,,,หน้าที่ 13,
วันที่,เลขที่บิล,สมาชิก,รหัสสินค้า,ชื่อสินค้า,จำนวน,ยอดสุทธิ
20/08/2569,0002-2608-00060,,8850000000134,Delta Pee Pad 50s,1,329.00
20/08/2569,0002-2608-00060,,8850000000103,Gamma Bowl Steel M,2,298.00
20/08/2569,0004-2608-00047,W0003,8850000000073,Beta Dewormer Tablet,29,2424.40
20/08/2569,0004-2608-00047,W0003,8850000000059,Beta Flea Drops Small,23,13965.60
20/08/2569,0004-2608-00047,W0003,8850000000127,Delta Clumping Litter 10L,20,4312.00
20/08/2569,0004-2608-00047,W0003,2000000000017,Grooming service,14,4312.00
20/08/2569,0003-2608-00049,W0005,8850000000103,Gamma Bowl Steel M,21,2753.52
20/08/2569,0003-2608-00050,,8850000000042,Alpha Wet Tuna 85g,2,50.00
20/08/2569,0003-2608-00050,,8850000000042,Alpha Wet Tuna 85g,1,25.00
20/08/2569,0002-2608-00061,R0266,8850000000035,Alpha Cat Indoor 1.2kg,1,319.00
20/08/2569,0002-2608-00061,R0266,8850000000035,Alpha Cat Indoor 1.2kg,3,957.00
20/08/2569,0002-2608-00061,R0266,8850000000066,Beta Flea Drops Large,3,2670.00
20/08/2569,0002-2608-00061,R0266,8850000000011,Alpha Adult Dog 3kg,3,1377.00
20/08/2569,0004-2608-00048,,8850000000042,Alpha Wet Tuna 85g,3,75.00
20/08/2569,0004-2608-00048,,8850000000127,Delta Clumping Litter 10L,2,490.00
20/08/2569,0004-2608-00048,,9999999999994,Unregistered item,3,360.00
20/08/2569,0002-2608-00062,W0001,2000000000017,Grooming service,21,6468.00
20/08/2569,0002-2608-00062,W0001,8850000000103,Gamma Bowl Steel M,21,2753.52
20/08/2569,0002-2608-00062,W0001,2000000000017,Grooming service,13,4004.00
20/08/2569,0002-2608-00062,W0001,8850000000127,Delta Clumping Litter 10L,12,2587.20
20/08/2569,0004-2608-00049,,8850000000097,Gamma Leash Nylon,3,597.00
20/08/2569,0004-2608-00049,,8850000000080,Beta Joint Chew 60s,2,2500.00
20/08/2569,0004-2608-00049,,8850000000080,Beta Joint Chew 60s,1,1250.00
20/08/2569,0004-2608-00049,,8850000000103,Gamma Bowl Steel M,2,298.00
รวมวันที่ 20/08/2569,,,,,238,68968.24
21/08/2569,0001-2608-00057,,8850000000103,Gamma Bowl Steel M,3,447.00
21/08/2569,0001-2608-00057,,8850000000127,Delta Clumping Litter 10L,3,735.00
21/08/2569,0001-2608-00057,,8850000000110,Gamma Cat Toy Feather,3,177.00
21/08/2569,0004-2608-00050,,8850000000059,Beta Flea Drops Small,2,1380.00
21/08/2569,0004-2608-00050,,8850000000066,Beta Flea Drops Large,2,1780.00
21/08/2569,0002-2608-00063,R0166,8850000000059,Beta Flea Drops Small,3,2070.00
21/08/2569,0002-2608-00063,R0166,8850000000073,Beta Dewormer Tablet,3,285.00
21/08/2569,0002-2608-00064,,8850000000103,Gamma Bowl Steel M,2,298.00
21/08/2569,0002-2608-00064,,8850000000110,Gamma Cat Toy Feather,3,177.00
21/08/2569,0002-2608-00064,,8850000000127,Delta Clumping Litter 10L,2,490.00
21/08/2569,0002-2608-00064,,8850000000028,Alpha Puppy 1.5kg,3,867.00
21/08/2569,0001-2608-00058,R0060,8850000000097,Gamma Leash Nylon,2,398.00
21/08/2569,0001-2608-00058,R0060,8850000000028,Alpha Puppy 1.5kg,2,578.00
21/08/2569,0001-2608-00058,R0060,8850000000080,Beta Joint Chew 60s,2,2500.00
21/08/2569,0004-2608-00051,,8850000000059,Beta Flea Drops Small,1,690.00
21/08/2569,0004-2608-00051,,9999999999994,Unregistered item,1,120.00
21/08/2569,0001-2608-00059,W0001,8850000000127,Delta Clumping Litter 10L,8,1724.80
21/08/2569,0001-2608-00059,W0001,8850000000028,Alpha Puppy 1.5kg,7,1780.24
21/08/2569,0001-2608-00059,W0001,8850000000134,Delta Pee Pad 50s,20,5790.40
21/08/2569,0001-2608-00059,W0001,8850000000103,Gamma Bowl Steel M,13,1704.56
21/08/2569,0002-2608-00065,,8850000000103,Gamma Bowl Steel M,2,298.00

บริษัท เดโม่ เพ็ท ซัพพลาย จำกัด,,รายงานรายละเอียดการขาย,,,หน้าที่ 14,
วันที่,เลขที่บิล,สมาชิก,รหัสสินค้า,ชื่อสินค้า,จำนวน,ยอดสุทธิ
21/08/2569,0002-2608-00065,,8850000000042,Alpha Wet Tuna 85g,2,50.00
21/08/2569,0002-2608-00065,,2000000000017,Grooming service,3,1050.00
รวมวันที่ 21/08/2569,,,,,92,25390.00
22/08/2569,0002-2608-00066,,2000000000017,Grooming service,2,700.00
22/08/2569,0002-2608-00066,,8850000000042,Alpha Wet Tuna 85g,3,75.00
22/08/2569,0002-2608-00066,,8850000000066,Beta Flea Drops Large,1,890.00
22/08/2569,0002-2608-00066,,8850000000103,Gamma Bowl Steel M,3,447.00
22/08/2569,0002-2608-00067,R0114,8850000000134,Delta Pee Pad 50s,3,987.00
22/08/2569,0002-2608-00067,R0114,8850000000011,Alpha Adult Dog 3kg,3,1377.00
22/08/2569,0002-2608-00067,R0114,2000000000017,Grooming service,2,700.00
22/08/2569,0004-2608-00052,W0005,8850000000028,Alpha Puppy 1.5kg,11,2797.52
22/08/2569,0004-2608-00053,,8850000000134,Delta Pee Pad 50s,2,658.00
22/08/2569,0004-2608-00053,,8850000000042,Alpha Wet Tuna 85g,2,50.00
22/08/2569,0002-2608-00068,W0001,8850000000042,Alpha Wet Tuna 85g,19,418.00
22/08/2569,0002-2608-00068,W0001,8850000000080,Beta Joint Chew 60s,22,24200.00
22/08/2569,0004-2608-00054,,2000000000017,Grooming service,3,1050.00
22/08/2569,0004-2608-00054,,8850000000059,Beta Flea Drops Small,3,2070.00
22/08/2569,0004-2608-00054,,8850000000103,Gamma Bowl Steel M,3,447.00
22/08/2569,0001-2608-00060,R0039,8850000000073,Beta Dewormer Tablet,2,190.00
22/08/2569,0001-2608-00061,,8850000000127,Delta Clumping Litter 10L,2,490.00
22/08/2569,0001-2608-00061,,8850000000073,Beta Dewormer Tablet,3,285.00
22/08/2569,0001-2608-00061,,8850000000035,Alpha Cat Indoor 1.2kg,3,957.00
22/08/2569,0001-2608-00061,,8850000000042,Alpha Wet Tuna 85g,1,25.00
22/08/2569,0003-2608-00051,,8850000000097,Gamma Leash Nylon,1,199.00
22/08/2569,0001-2608-00062,R0137,8850000000066,Beta Flea Drops Large,3,2670.00
22/08/2569,0001-2608-00062,R0137,8850000000127,Delta Clumping Litter 10L,1,245.00
22/08/2569,0001-2608-00062,R0137,9999999999994,Unregistered item,2,240.00
22/08/2569,0001-2608-00062,R0137,8850000000097,Gamma Leash Nylon,3,597.00
รวมวันที่ 22/08/2569,,,,,103,42764.52
23/08/2569,0004-2608-00055,W0002,8850000000035,Alpha Cat Indoor 1.2kg,29,8140.88
23/08/2569,0004-2608-00055,W0002,8850000000127,Delta Clumping Litter 10L,6,1293.60
23/08/2569,0004-2608-00055,W0002,8850000000011,Alpha Adult Dog 3kg,24,9694.08
23/08/2569,0004-2608-00055,W0002,9999999999994,Unregistered item,21,2217.60
23/08/2569,0002-2608-00069,,8850000000103,Gamma Bowl Steel M,2,298.00
23/08/2569,0004-2608-00056,W0004,8850000000028,Alpha Puppy 1.5kg,18,4577.76
23/08/2569,0004-2608-00056,W0004,8850000000066,Beta Flea Drops Large,7,5482.40
23/08/2569,0004-2608-00056,W0004,2000000000017,Grooming service,25,7700.00
23/08/2569,0004-2608-00056,W0004,8850000000011,Alpha Adult Dog 3kg,23,9290.16
23/08/2569,0004-2608-00057,,2000000000017,Grooming service,2,700.00
23/08/2569,0004-2608-00057,,8850000000097,Gamma Leash Nylon,2,398.00
23/08/2569,0002-2608-00070,R0183,8850000000042,Alpha Wet Tuna 85g,3,75.00
23/08/2569,0001-2608-00063,,8850000000134,Delta Pee Pad 50s,3,987.00
23/08/2569,0001-2608-00063,,8850000000042,Alpha Wet Tuna 85g,2,50.00
23/08/2569,0001-2608-00063,,2000000000017,Grooming service,2,700.00
23/08/2569,0002-2608-00071,W0004,8850000000073,Beta Dewormer Tablet,8,668.80
23/08/2569,0002-2608-00072,R0240,8850000000035,Alpha Cat Indoor 1.2kg,2,638.00
23/08/2569,0004-2608-00058,R0334,8850000000059,Beta Flea Drops Small,2,1380.00

บริษัท เดโม่ เพ็ท ซัพพลาย จำกัด,,รายงานรายละเอียดการขาย,,,หน้าที่ 15,
วันที่,เลขที่บิล,สมาชิก,รหัสสินค้า,ชื่อสินค้า,จำนวน,ยอดสุทธิ
23/08/2569,0004-2608-00058,R0334,8850000000066,Beta Flea Drops Large,1,890.00
23/08/2569,0004-2608-00059,,8850000000042,Alpha Wet Tuna 85g,1,25.00
23/08/2569,0001-2608-00064,W0004,8850000000066,Beta Flea Drops Large,12,9398.40
23/08/2569,0001-2608-00064,W0004,8850000000103,Gamma Bowl Steel M,27,3540.24
23/08/2569,0001-2608-00064,W0004,8850000000066,Beta Flea Drops Large,29,22712.80
23/08/2569,0001-2608-00064,W0004,8850000000110,Gamma Cat Toy Feather,21,1090.32
23/08/2569,0002-2608-00073,,8850000000103,Gamma Bowl Steel M,2,298.00
23/08/2569,0002-2608-00073,,2000000000017,Grooming service,1,350.00
23/08/2569,0002-2608-00073,,9999999999994,Unregistered item,2,240.00
23/08/2569,0004-2608-00060,R0019,8850000000066,Beta Flea Drops Large,3,2670.00
23/08/2569,0004-2608-00060,R0019,8850000000059,Beta Flea Drops Small,2,1380.00
23/08/2569,0004-2608-00060,R0019,8850000000042,Alpha Wet Tuna 85g,1,25.00
23/08/2569,0004-2608-00060,R0019,8850000000134,Delta Pee Pad 50s,1,329.00
รวมวันที่ 23/08/2569,,,,,284,97240.04
24/08/2569,0004-2608-00061,R0017,8850000000073,Beta Dewormer Tablet,1,95.00
24/08/2569,0004-2608-00061,R0017,8850000000028,Alpha Puppy 1.5kg,2,578.00
24/08/2569,0004-2608-00061,R0017,8850000000028,Alpha Puppy 1.5kg,2,578.00
24/08/2569,0004-2608-00062,R0246,9999999999994,Unregistered item,3,360.00
24/08/2569,0004-2608-00063,,8850000000035,Alpha Cat Indoor 1.2kg,1,319.00
24/08/2569,0004-2608-00063,,8850000000134,Delta Pee Pad 50s,3,987.00
24/08/2569,0004-2608-00063,,8850000000011,Alpha Adult Dog 3kg,2,918.00
24/08/2569,0004-2608-00063,,8850000000073,Beta Dewormer Tablet,1,95.00
24/08/2569,0002-2608-00074,W0001,8850000000103,Gamma Bowl Steel M,7,917.84
24/08/2569,0004-2608-00064,,2000000000017,Grooming service,1,350.00
24/08/2569,0004-2608-00064,,8850000000134,Delta Pee Pad 50s,2,658.00
24/08/2569,0004-2608-00064,,2000000000017,Grooming service,1,350.00
24/08/2569,0001-2608-00065,R0264,8850000000097,Gamma Leash Nylon,3,597.00
24/08/2569,0001-2608-00065,R0264,2000000000017,Grooming service,1,350.00
24/08/2569,0003-2608-00052,R0034,8850000000103,Gamma Bowl Steel M,1,149.00
24/08/2569,0003-2608-00052,R0034,8850000000011,Alpha Adult Dog 3kg,1,459.00
24/08/2569,0003-2608-00052,R0034,8850000000028,Alpha Puppy 1.5kg,3,867.00
24/08/2569,0003-2608-00052,R0034,2000000000017,Grooming service,1,350.00
24/08/2569,0004-2608-00065,W0002,8850000000110,Gamma Cat Toy Feather,26,1349.92
24/08/2569,0004-2608-00065,W0002,8850000000035,Alpha Cat Indoor 1.2kg,23,6456.56
24/08/2569,0004-2608-00066,R0151,8850000000028,Alpha Puppy 1.5kg,2,578.00
24/08/2569,0003-2608-00053,R0325,8850000000127,Delta Clumping Litter 10L,2,490.00
24/08/2569,0003-2608-00053,R0325,8850000000080,Beta Joint Chew 60s,2,2500.00
24/08/2569,0004-2608-00067,R0053,8850000000103,Gamma Bowl Steel M,1,149.00
24/08/2569,0004-2608-00067,R0053,8850000000080,Beta Joint Chew 60s,1,1250.00
24/08/2569,0004-2608-00067,R0053,8850000000110,Gamma Cat Toy Feather,2,118.00
24/08/2569,0002-2608-00075,W0003,8850000000011,Alpha Adult Dog 3kg,7,2827.44
รวมวันที่ 24/08/2569,,,,,102,24696.76
25/08/2569,0003-2608-00054,W0001,8850000000080,Beta Joint Chew 60s,19,20900.00
25/08/2569,0003-2608-00054,W0001,8850000000066,Beta Flea Drops Large,16,12531.20
25/08/2569,0002-2608-00076,,8850000000042,Alpha Wet Tuna 85g,1,25.00
25/08/2569,0002-2608-00076,,9999999999994,Unregistered item,1,120.00
25/08/2569,0002-2608-00076,,8850000000080,Beta Joint Chew 60s,1,1250.00

บริษัท เดโม่ เพ็ท ซัพพลาย จำกัด,,รายงานรายละเอียดการขาย,,,หน้าที่ 16,
วันที่,เลขที่บิล,สมาชิก,รหัสสินค้า,ชื่อสินค้า,จำนวน,ยอดสุทธิ
25/08/2569,0002-2608-00076,,8850000000103,Gamma Bowl Steel M,1,149.00
25/08/2569,0001-2608-00066,,8850000000042,Alpha Wet Tuna 85g,1,25.00
25/08/2569,0001-2608-00067,,8850000000097,Gamma Leash Nylon,1,199.00
25/08/2569,0001-2608-00067,,8850000000035,Alpha Cat Indoor 1.2kg,2,638.00
25/08/2569,0001-2608-00067,,8850000000042,Alpha Wet Tuna 85g,3,75.00
25/08/2569,0001-2608-00067,,8850000000042,Alpha Wet Tuna 85g,3,75.00
25/08/2569,0002-2608-00077,R0277,9999999999994,Unregistered item,1,120.00
25/08/2569,0002-2608-00078,,2000000000017,Grooming service,3,1050.00
25/08/2569,0002-2608-00078,,8850000000066,Beta Flea Drops Large,1,890.00
25/08/2569,0002-2608-00078,,8850000000097,Gamma Leash Nylon,2,398.00
25/08/2569,0004-2608-00068,W0001,2000000000017,Grooming service,10,3080.00
25/08/2569,0001-2608-00068,R0055,8850000000110,Gamma Cat Toy Feather,3,177.00
25/08/2569,0001-2608-00068,R0055,8850000000028,Alpha Puppy 1.5kg,1,289.00
25/08/2569,0001-2608-00068,R0055,8850000000073,Beta Dewormer Tablet,3,285.00
25/08/2569,0001-2608-00069,R0145,8850000000097,Gamma Leash Nylon,3,597.00
รวมวันที่ 25/08/2569,,,,,76,42873.20
26/08/2569,0004-2608-00069,R0303,8850000000059,Beta Flea Drops Small,2,1380.00
26/08/2569,0004-2608-00069,R0303,2000000000017,Grooming service,3,1050.00
26/08/2569,0004-2608-00069,R0303,8850000000042,Alpha Wet Tuna 85g,3,75.00
26/08/2569,0002-2608-00079,R0062,8850000000134,Delta Pee Pad 50s,2,658.00
26/08/2569,0002-2608-00079,R0062,8850000000110,Gamma Cat Toy Feather,3,177.00
26/08/2569,0002-2608-00079,R0062,8850000000110,Gamma Cat Toy Feather,1,59.00
26/08/2569,0004-2608-00070,,8850000000110,Gamma Cat Toy Feather,2,118.00
26/08/2569,0004-2608-00070,,8850000000059,Beta Flea Drops Small,1,690.00
26/08/2569,0004-2608-00070,,8850000000134,Delta Pee Pad 50s,3,987.00
26/08/2569,0004-2608-00070,,8850000000073,Beta Dewormer Tablet,1,95.00
26/08/2569,0002-2608-00080,W0004,8850000000103,Gamma Bowl Steel M,17,2229.04
26/08/2569,0002-2608-00080,W0004,8850000000059,Beta Flea Drops Small,21,12751.20
26/08/2569,0002-2608-00080,W0004,8850000000134,Delta Pee Pad 50s,29,8396.08
26/08/2569,0004-2608-00071,,8850000000059,Beta Flea Drops Small,1,690.00
26/08/2569,0001-2608-00070,R0271,8850000000110,Gamma Cat Toy Feather,3,177.00
26/08/2569,0003-2608-00055,,8850000000035,Alpha Cat Indoor 1.2kg,2,638.00
26/08/2569,0002-2608-00081,,8850000000080,Beta Joint Chew 60s,1,1250.00
26/08/2569,0002-2608-00081,,8850000000103,Gamma Bowl Steel M,1,149.00
26/08/2569,0004-2608-00072,,8850000000042,Alpha Wet Tuna 85g,1,25.00
26/08/2569,0004-2608-00072,,8850000000127,Delta Clumping Litter 10L,3,735.00
26/08/2569,0004-2608-00073,R0209,9999999999994,Unregistered item,3,360.00
26/08/2569,0004-2608-00073,R0209,8850000000066,Beta Flea Drops Large,2,1780.00
26/08/2569,0003-2608-00056,R0348,8850000000059,Beta Flea Drops Small,1,690.00
26/08/2569,0003-2608-00056,R0348,8850000000103,Gamma Bowl Steel M,2,298.00
26/08/2569,0003-2608-00056,R0348,8850000000042,Alpha Wet Tuna 85g,3,75.00
26/08/2569,0003-2608-00056,R0348,9999999999994,Unregistered item,2,240.00
26/08/2569,0001-2608-00071,,9999999999994,Unregistered item,3,360.00
26/08/2569,0001-2608-00071,,8850000000042,Alpha Wet Tuna 85g,3,75.00
26/08/2569,0001-2608-00071,,9999999999994,Unregistered item,1,120.00
26/08/2569,0001-2608-00071,,8850000000134,Delta Pee Pad 50s,2,658.00
รวมวันที่ 26/08/2569,,,,,122,36985.32

บริษัท เดโม่ เพ็ท ซัพพลาย จำกัด,,รายงานรายละเอียดการขาย,,,หน้าที่ 17,
วันที่,เลขที่บิล,สมาชิก,รหัสสินค้า,ชื่อสินค้า,จำนวน,ยอดสุทธิ
27/08/2569,0002-2608-00082,R0167,8850000000127,Delta Clumping Litter 10L,3,735.00
27/08/2569,0002-2608-00082,R0167,8850000000011,Alpha Adult Dog 3kg,2,918.00
27/08/2569,0002-2608-00082,R0167,8850000000011,Alpha Adult Dog 3kg,3,1377.00
27/08/2569,0004-2608-00074,,8850000000127,Delta Clumping Litter 10L,1,245.00
27/08/2569,0004-2608-00074,,8850000000028,Alpha Puppy 1.5kg,1,289.00
27/08/2569,0004-2608-00075,R0382,8850000000134,Delta Pee Pad 50s,2,658.00
27/08/2569,0004-2608-00076,R0235,8850000000059,Beta Flea Drops Small,3,2070.00
27/08/2569,0004-2608-00076,R0235,8850000000134,Delta Pee Pad 50s,2,658.00
27/08/2569,0004-2608-00076,R0235,8850000000059,Beta Flea Drops Small,3,2070.00
27/08/2569,0004-2608-00076,R0235,8850000000042,Alpha Wet Tuna 85g,3,75.00
27/08/2569,0002-2608-00083,W0004,8850000000080,Beta Joint Chew 60s,15,16500.00
27/08/2569,0004-2608-00077,W0002,8850000000028,Alpha Puppy 1.5kg,24,6103.68
27/08/2569,0004-2608-00077,W0002,9999999999994,Unregistered item,23,2428.80
27/08/2569,0004-2608-00078,,8850000000103,Gamma Bowl Steel M,2,298.00
27/08/2569,0004-2608-00078,,2000000000017,Grooming service,2,700.00
27/08/2569,0004-2608-00078,,8850000000080,Beta Joint Chew 60s,3,3750.00
27/08/2569,0003-2608-00057,R0174,8850000000127,Delta Clumping Litter 10L,3,735.00
27/08/2569,0003-2608-00058,R0345,8850000000134,Delta Pee Pad 50s,2,658.00
27/08/2569,0003-2608-00058,R0345,2000000000017,Grooming service,1,350.00
27/08/2569,0003-2608-00058,R0345,8850000000080,Beta Joint Chew 60s,2,2500.00
27/08/2569,0003-2608-00058,R0345,8850000000080,Beta Joint Chew 60s,3,3750.00
รวมวันที่ 27/08/2569,,,,,103,46868.48
